Date_Quarter,AFGHANISTAN,ALBANIA,ALGERIA,ANGOLA,ANTIGUA-BARBUDA,ARGENTINA,ARMENIA,AUSTRALIA,AUSTRIA,AUSTRIA.1,AZERBAIJAN,AZERBAIJAN.1,BAHAMAS,BAHRAIN,BANGLADESH,BARBADOS,BELARUS,BELARUS.1,BELGIUM,BELGIUM.1,BELIZE,BENIN,BERMUDA,BOLIVIA,BOSNIA-HERCEGOVINA,BOTSWANA,BRAZIL,BRUNEI,BULGARIA,BURKINA FASO,BURMA-MYANMAR,BURUNDI,CAMBODIA (KHMER),CAMEROON,CANADA,CAPE VERDE,CAYMAN ISLANDS,CENTRAL AFRICAN REPUBLIC,CHAD,CHILE,CHINA,COLOMBIA,COMOROS,CONGO,"CONGO, DEM. REP",COSTA RICA,COTE D'IVOIRE,CROATIA,CUBA,CYPRUS,CYPRUS.1,CZECH,DENMARK,DJIBOUTI,DOMINICAN REPUBLIC,ECUADOR,ECUADOR.1,EGYPT,EL SALVADOR,EQUATORIAL GUINEA,ERITREA,ESTONIA,ESTONIA.1,ETHIOPIA,EURO ZONE,FIJI,FINLAND,FINLAND.1,FRANCE,FRANCE.1,GABON,GAMBIA,GEORGIA,GERMANY FRG,GERMANY FRG.1,GHANA,GREECE,GREECE.1,GRENADA,GUATEMALA,GUINEA,GUINEA BISSAU,GUYANA,HAITI,HONDURAS,HONG KONG,HUNGARY,ICELAND,INDIA,INDONESIA,IRAN,IRAQ,IRELAND,IRELAND.1,ISRAEL,ITALY,ITALY.1,IVORY COAST,JAMAICA,JAPAN,JERUSALEM,JORDAN,KAZAKHSTAN,KENYA,KOREA,KUWAIT,KYRGYZSTAN,LAOS,LATVIA,LATVIA.1,LEBANON,LESOTHO,LIBERIA,LIBYA,LITHUANIA,LITHUANIA.1,LUXEMBOURG,LUXEMBOURG.1,MACAO,MACEDONIA FYROM,MADAGASCAR,MADAGASCAR.1,MALAWI,MALAYSIA,MALI,MALTA,MALTA.1,MARSHALLS ISLANDS,MARTINIQUE,MARTINIQUE.1,MAURITANIA,MAURITIUS,MEXICO,MICRONESIA,MOLDOVA,MONGOLIA,MONTENEGRO,MOROCCO,MOZAMBIQUE,MOZAMBIQUE.1,NAMIBIA,NEPAL,NETHERLANDS,NETHERLANDS.1,NETHERLANDS ANTILLES,NEW ZEALAND,NICARAGUA,NIGER,NIGERIA,NORWAY,OMAN,PAKISTAN,PALAU,PANAMA,PAPUA NEW GUINEA,PARAGUAY,PERU,PHILIPPINES,POLAND,PORTUGAL,PORTUGAL.1,QATAR,REPUBLIC OF PALAU,ROMANIA,ROMANIA.1,RUSSIA,RWANDA,SAO TOME & PRINCIPE,SAUDI ARABIA,SENEGAL,SERBIA,SEYCHELLES,SIERRA LEONE,SINGAPORE,SLOVAK REPUBLIC,SLOVAK REPUBLIC.1,SLOVENIA,SLOVENIA.1,SOLOMON ISLANDS,SOUTH AFRICA,SOUTH SUDANESE,SOVIET UNION,SPAIN,SPAIN.1,SRI LANKA,ST LUCIA,SUDAN,SURINAME,SWAZILAND,SWEDEN,SWITZERLAND,SYRIA,TAIWAN,TAJIKISTAN,TAJIKISTAN.1,TANZANIA,THAILAND,TIMOR LESTE,TOGO,TONGA,TRINIDAD & TOBAGO,TUNISIA,TURKEY,TURKEY.1,TURKMENISTAN,TURKMENISTAN.1,UGANDA,UKRAINE,UNITED ARAB EMIRATES,UNITED KINGDOM,URUGUAY,UZBEKISTAN,VANUATU,VENEZUELA,VIETNAM,WESTERN SAMOA,YEMEN,YUGOSLAVIA,ZAMBIA,ZAMBIA.1,ZIMBABWE
2001-01-01,78400.0,142.4,76.539,19.706,2.7,1.0,550.0,1.903,1.083,14.908,4600.0,1.2978,1.0,0.377,54.0,2.0,1230.0,17.597,1.083,43.705,2.0,710.53,1.0,6.438,2.119,5.376,2.043,1.741,2.114,710.53,350.0,780.588,3910.0,710.53,1.532,121.203,25.9128,710.53,710.53,574.04,8.266,2262.8,532.898,710.53,50.0,321.01,710.53,8.456,1.0,16.8664,0.627,36.631,8.084,176.95,16.588,1.0,25000.0,3.88,8.75,710.53,10.2,16.8664,16.949,8.37,1.083,2.205,1.083,6.442,1.083,7.105,710.53,15.0,2.08,1.083,2.119,7095.0,1.083,369.1,2.7,7.705,1900.0,710.53,180.0,23.54,15.02,7.8,288.55,86.23,46.5,9440.0,5396.0,1090.3376,1.083,0.853,4.108,1.083,2097.3501,710.53,45.3,117.32,19.034,0.708,146.7,78.0,1253.1,0.307,49.3,8197.0,16.8664,0.619,1501.0,7.677,41.0,1.8488,16.8664,3.998,1.083,43.705,20.886,65.52,1530.53002,6460.0,79.75,3.8,710.53,16.8664,0.444,1.0,1.083,7.105,239.38,27.92,9.68,1.0,12.85,1098.0,1.083,10.695,18025.0,31.7982,7.681,73.7,1.083,2.387,1.78,2.324,12.9,710.53,113.0,8.911,0.385,59.25,2.55,1.0,3.106,3735.0,3.52,48.2,4.038,1.083,217.16,3.64,1.0,27056.0,3.7992,15717.312,433.49,7314.6001,3.75,710.53,98.37839999999998,5.733,1950.0,1.744,47.41,16.8664,1.083,233.1,5.045,7.677,18.2374,28.661,1.083,180.27,86.0,2.7,257.0,2320.0,7.677,9.79,1.668,46.0,32.3,2.4,72.36120000000001,819.0,43.08,2.55,710.53,1.98,6.24,1.378,930000.0,1.9524,5250.0,3.3912,1680.0,5.57,3.672,0.692,12.6,793.5,142.45,704.0,14562.0,3.28,165.0,64.8,3520.0,21.5252,80.0
2001-05-01,73000.0,149.0,78.101,19.706,2.7,1.0,554.68,1.979,1.181,16.256,4600.0,1.4152,1.0,0.377,57.0,2.0,1365.0,25.197,1.181,47.655,2.0,774.9,1.0,6.54,2.31,5.627,2.36,1.807,2.3,774.9,400.0,822.749,3910.0,774.9,1.541,128.353,34.205600000000004,774.9,774.9,610.8,8.265,2324.5,581.175,774.9,349.305,325.96,774.9,8.504,2.55,1.181,0.681,39.149,8.81,176.95,16.99,1.0,25000.0,3.886,8.75,774.9,10.2,24.5448,18.488,8.44,1.181,2.205,1.181,7.024,1.181,7.749,774.9,16.0,2.07,1.181,2.31,7100.0,1.181,402.54,2.7,7.705,1945.0,774.9,180.0,23.75,15.38,7.8,299.28,104.72,46.8,11240.0,5832.2,1075.4998,1.181,0.93,4.133,1.181,2287.3799,774.9,45.5,119.01,26.638800000000003,0.708,146.8,77.85,1280.0,0.308,49.4,8510.0,24.5448,0.634,1513.75,7.995,43.0,1.9166,24.5448,3.999,1.181,47.655,28.487199999999994,70.92,1567.27598,6706.0,75.25,3.8,774.9,1.181,0.466,1.0,1.181,7.749,239.38,28.65,9.14,1.0,12.835,1095.0,1.181,11.803,20270.0,33.8212,7.995,74.45,1.181,2.603,1.78,2.447,13.1,774.9,112.8,9.364,0.385,61.5,24.4,1.0,3.29,3850.0,3.63,50.4,3.98,1.181,236.84,3.639,1.0,28770.0,3.809600000000001,14638.893999999997,439.75,7314.6001,3.75,774.9,100.9288,5.733,1950.0,1.809,50.7,1.181,1.181,266.79,5.045,7.995,25.826600000000003,29.146,1.181,196.56,91.65,2.7,257.0,2235.0,7.995,10.772,1.796,46.0,33.85,2.4,80.1158,666.0,46.37,24.4,774.9,1.98,6.18,1.497,1155000.0,2.0124000000000004,5250.0,3.4018,1765.0,5.5,3.672,0.705,13.06,793.5,145.89,714.0,14659.0,3.28,168.0,63.3102,3420.0,29.4134,118.0
2001-09-01,71500.0,142.0,76.429,20.389,2.7,1.0,557.0,1.894,1.1,15.14,4650.0,1.2982,1.0,0.377,57.0,2.0,1450.0,53.59839999999999,1.1,44.383,2.0,721.7,1.0,6.7,2.152,5.724,2.552,1.737,2.146,721.7,450.0,833.024,3910.0,721.7,1.549,120.486,61.9832,721.7,721.7,662.2,8.264,2296.2,541.275,721.7,294.0,331.87,721.7,8.337,2.55,1.1,0.63,36.611,8.191,176.95,16.85,1.0,25000.0,4.25,8.75,721.7,10.2,52.88000000000001,17.218,8.5,1.1,2.212,1.1,6.542,1.1,7.217,721.7,17.0,2.065,1.1,2.152,7050.0,1.1,374.9,2.7,7.85,1972.0,721.7,183.0,24.2,15.52,7.8,279.02,98.7,47.0,8840.0,5290.8,1121.5048,1.1,0.866,4.26,1.1,2130.3401,721.7,45.6,118.82,55.06440000000001,0.705,147.7,78.8,1274.0,0.305,47.5,9135.0,52.88000000000001,0.62,1513.5,8.434,49.0,1.84,52.88000000000001,3.998,1.1,44.383,56.98900000000001,69.5,1580.90802,6264.0,64.42,3.8,721.7,1.1,0.447,1.0,1.1,7.217,254.35,29.4,9.2,1.0,11.776,1099.0,1.1,11.29,21740.0,32.9172,8.434,74.7,1.1,2.425,1.78,2.28,13.58,721.7,112.26,8.863,0.385,63.0,1.0,1.0,3.436,4320.0,3.48,50.9,4.237,1.1,220.58,3.641,1.0,30035.0,3.8312,14338.419999999998,441.33,7314.6001,3.749,721.7,99.261,5.733,2075.0,1.74,47.739,1.1,1.1,241.39,5.045,8.434,54.1956,29.42,1.1,183.06,89.75,2.7,257.0,2200.0,8.434,10.45,1.669,46.0,34.48,2.4,108.3584,888.0,44.03,1.0,721.7,2.149,6.09,1.427,1365000.0,2.001,5250.0,3.423,1740.0,5.36,3.672,0.689,13.47,850.0,145.89,736.0,14991.0,3.344,170.0,65.533,3570.0,57.7216,260.0
2001-12-01,38200.0,136.3,78.078,30.044,2.7,1.0,565.0,1.955,1.122,15.442,4750.0,1.3202,1.0,0.376,57.0,2.0,1565.0,70.613,1.122,45.27,2.0,736.12,1.0,6.83,2.195,6.964,2.309,1.849,2.184,736.12,450.0,851.05,3905.0,736.12,1.592,123.556,79.0438,736.12,736.12,661.0,8.265,2275.0,552.09,736.12,314.0,341.3,736.12,8.308,2.55,1.122,0.645,36.442,8.344,176.95,17.02,1.0,25000.0,4.56,8.75,736.12,13.55,69.89760000000001,17.561,8.56,1.122,2.285,1.122,6.672,1.122,7.361,736.12,18.0,2.07,1.122,2.195,7100.0,1.122,382.39,2.7,8.005,1974.0,736.12,188.0,26.75,15.854,7.797,274.24,102.81,47.9,10060.0,5599.0,1136.36,1.122,0.884,4.407,1.122,2172.9,736.12,47.25,131.31,72.0936,0.708,151.6,78.45,1303.5,0.307,48.1,9510.0,69.89760000000001,0.629,1513.25,11.99,49.0,1.9284000000000003,69.89760000000001,3.995,1.122,45.27,74.0814,65.5,1585.98,6370.0,66.26,3.8,736.12,1.122,0.452,1.0,1.122,7.361,254.35,30.1,9.14,1.0,12.862,1102.0,1.122,11.532,23090.0,33.822,11.99,76.15,1.122,2.473,1.78,2.4,13.78,736.12,119.0,8.972,0.385,58.0,1.0,1.0,3.854,4600.0,3.44,51.45,3.96,1.122,224.98,3.638,1.0,31740.0,3.7666,7678.359999999999,457.67,8961.769,3.75,736.12,100.4248,5.733,2375.0,1.846,48.0,1.122,1.122,237.27,5.045,11.99,71.1748,30.47,1.122,186.72,92.85,2.7,260.0,2210.0,11.99,10.446,1.658,46.0,34.9,2.55,125.9834,912.0,44.21,1.0,736.12,2.196,6.115,1.459,1450000.0,2.041,5250.0,3.3589999999999995,1680.0,5.25,3.673,0.688,13.9,890.0,145.89,757.0,15081.0,3.496,173.0,65.533,3735.0,74.80460000000001,345.0
2002-01-01,35000.0,139.81,78.319,34.32,2.7,2.08,566.0,1.935,1.153,15.864,4800.0,1.3510000000000002,1.0,0.377,58.0,2.0,1668.0,67.61339999999998,1.153,46.507,2.0,756.23,1.0,6.923,2.255,6.716,2.36,1.832,2.246,756.23,450.0,853.353,3895.0,756.23,1.604,127.182,76.06179999999999,756.23,756.23,679.7,8.265,2303.0,567.172,756.23,339.0,347.05,756.23,8.569,2.55,1.153,0.662,36.024,8.569,176.95,17.5,1.0,25000.0,4.62,8.75,756.23,13.55,66.92240000000001,18.04,8.56,1.153,2.287,1.153,6.855,1.153,7.562,756.23,19.0,2.22,1.153,2.255,7450.0,1.153,392.84,2.7,8.007,1975.0,756.23,188.0,26.5,16.06,7.799,282.95,100.47,48.55,10160.0,5722.0,1149.1806,1.153,0.908,4.67,1.153,2232.27,756.23,47.3,133.84,69.14680000000001,0.708,152.3,77.9,1313.8,0.308,48.4,9465.0,66.92240000000001,0.641,1513.75,11.337,49.0,1.9136,66.92240000000001,3.98,1.153,46.507,71.0942,68.5,1639.254,6732.0,71.65,3.8,756.23,1.153,0.46,1.0,1.153,7.562,276.96,30.1,9.12,1.0,12.862,1104.0,1.153,11.699,23250.0,34.6142,11.337,77.35,1.153,2.541,1.78,2.366,13.86,756.23,117.3,8.902,0.385,58.0,1.0,1.0,3.578,4920.0,3.47,51.15,4.223,1.153,231.13,3.641,1.0,32566.0,3.8228,7038.910000000001,459.74,9015.2881,3.75,756.23,101.3282,5.733,2130.0,1.831,48.034,1.153,1.153,257.24,5.045,11.337,68.3962,30.957,1.153,191.82,93.45,2.7,260.0,2255.0,11.337,10.456,1.701,46.0,35.01,2.7,123.0806,961.0,43.68,1.0,756.23,2.19,6.11,1.488,1393000.0,2.088,5250.0,3.4146,1740.0,5.28,3.673,0.707,14.12,960.0,145.89,1015.0,15139.0,3.484,173.0,66.796,4300.0,71.80460000000001,330.0
2002-05-01,36807.0,143.8,80.207,40.236,2.7,3.55,584.0,1.766,1.073,16.84,4850.0,1.0584,1.0,0.377,58.0,2.0,1770.0,95.6208,1.073,34.789,2.2,703.42,1.0,7.082,2.076,6.01,2.519,1.783,2.094,703.42,450.0,852.727,3895.0,703.42,1.528,121.296,103.7956,703.42,703.42,655.65,8.265,2318.5,557.152,703.42,319.6,356.24,703.42,7.89,1.0,94.8584,0.62,31.818,7.974,176.95,17.9,1.0,18129.4,4.58,1.8184,703.42,13.55,94.8584,16.79,8.56,1.073,2.124,1.073,4.74,1.073,7.2004,703.42,19.0,2.22,1.073,2.0286,7650.0,1.073,228.286,2.7,7.85,1975.0,703.42,188.0,27.15,16.34,7.8,259.71,91.62,48.8,8820.0,5530.0,1125.6554,1.073,0.9998,4.917,1.073,1399.51,703.42,48.15,124.32,97.196,0.707,153.4,78.28,1209.3,0.304,48.4,9545.0,94.8584,0.621,1513.25,9.768,49.0,1.7896,94.8584,3.705,1.073,44.063,99.055,66.0,1508.7,6960.0,74.81,3.8,703.42,94.8584,0.44,1.0,1.073,5.129,276.96,30.0,9.62,1.0,13.56,1103.0,1.073,11.019,23535.0,31.3204,9.768,78.05,1.073,1.6044,1.78,2.083,14.17,703.42,114.2,8.018,0.385,58.0,94.8,1.0,3.759,5140.0,3.46,50.1,4.016,1.073,166.456,3.64,1.0,33500.0,3.7242,7399.73,467.27,8996.4482,3.75,703.42,98.7366,5.618,2050.0,1.788,46.845,94.8584,1.073,241.76,5.045,9.768,96.6452,31.332,1.073,135.7332,96.0,2.7,260.0,2375.0,9.768,9.764,1.572,46.0,33.95,2.82,150.82580000000002,950.0,42.32,94.8,703.42,2.138,6.11,1.437,1436300.0,1.9398,5250.0,3.3162,1792.0,5.35,3.673,0.684,16.6,1380.0,135.85,1116.0,15247.0,3.266,175.0,66.796,4275.0,99.4814,470.0
2002-09-01,38600.0,139.4,79.969,46.178,2.7,3.62,560.0,1.816,1.02,17.145400000000002,4900.0,1.016,1.0,0.377,58.0,2.02,1843.0,137.6248,1.02,33.926,2.2,668.64,1.0,7.294,1.982,6.23,3.0,1.748,1.988,668.64,450.0,1050.229,3910.0,668.64,1.558,113.703,145.2412,668.64,668.64,709.7,8.265,2704.0,557.152,668.64,340.0,365.54,668.64,7.44,1.0,136.81599999999997,0.584,30.358,7.576,176.95,17.9,1.0,18303.0,4.58,1.7884,668.64,13.65,136.81599999999997,15.957,8.57,1.02,2.124,1.02,4.724600000000001,1.02,6.9674000000000005,668.64,21.0,2.195,1.02,2.0092000000000003,7975.0,1.02,224.532,2.7,7.79,1976.0,668.64,188.0,28.0,16.52,7.8,249.75,88.18,48.38,8870.0,5498.6,1166.8258,1.02,0.956,4.658,1.02,1332.98,668.64,48.7,118.67,139.1442,0.7,154.6,78.75,1191.9,0.302,46.2,10440.0,136.81599999999997,0.601,1512.0,10.508,49.0,1.8016,136.81599999999997,3.621,1.02,43.024,141.04299999999998,63.35,1525.8,6630.0,80.71,3.8,668.64,136.81599999999997,0.422,1.0,1.02,5.113600000000001,276.96,29.35,9.92,1.0,13.68,1116.0,1.02,10.617,23680.0,31.6624,10.508,78.05,1.02,1.6064,1.78,2.136,14.35,668.64,127.0,7.541,0.385,58.0,136.8,1.0,3.937,6180.0,3.62,51.77,4.128,1.02,163.67399999999998,3.64,1.0,33200.0,3.7618,7757.864,482.75,9120.8193,3.75,668.64,97.3344,5.618,2120.0,1.75,44.18,136.81599999999997,1.02,231.95,5.045,10.508,138.6308,31.602,1.02,132.5146,96.05,2.7,260.0,3015.0,10.508,9.397,1.502,46.0,34.14,2.92,192.6562,964.0,42.22,136.8,668.64,2.222,6.05,1.384,1620000.0,1.941,5250.0,3.3538,1795.0,5.312,3.673,0.646,28.0,1050.0,136.2,1410.0,15325.0,3.29,176.0,66.796,4450.0,141.31260000000003,680.0
2002-12-01,39000.0,132.88,81.045,53.307,2.7,3.35,590.0,1.775,0.955,18.17,4900.0,0.964,1.0,0.377,58.0,2.02,1920.0,322.6084,0.955,32.91459999999999,2.2,628.89,1.0,7.494,1.866,5.444,3.535,1.736,1.874,628.89,450.0,1050.75,3910.0,628.89,1.579,106.47,329.3058,628.89,628.89,720.0,8.265,2854.5,557.152,628.89,372.5,378.33,628.89,7.11,1.0,0.9549999999999998,0.547,29.567,7.096,176.95,20.45,1.0,18435.8,4.615,1.0,628.89,13.55,321.764,14.948,8.58,0.955,2.042,0.955,4.5848,0.955,6.5306,628.89,24.0,2.11,0.955,1.8928,8250.0,0.955,218.99,2.7,7.63,1976.0,628.89,194.0,36.0,16.882,7.798,225.27,80.88,47.84,8820.0,5478.0,1166.71,0.955,0.9056,4.745,0.955,1334.56,628.89,49.85,118.77,324.1616,0.708,156.2,77.4,1185.8,0.3,46.2,10750.0,321.76399999999995,0.586,1501.0,8.555,49.0,1.7464,321.76399999999995,3.298,0.955,42.2732,326.0176,59.2,1562.1,6500.0,85.72,3.8,628.89,0.9549999999999998,0.401,1.0,0.9549999999999998,4.9738,276.96,28.95,10.46,1.0,13.85,1126.0,0.9549999999999998,10.155,23723.0,32.495999999999995,8.555,77.8,0.955,1.5204,1.78,1.907,14.57,628.89,124.85,6.953,0.385,58.0,321.8,1.0,3.937,7050.0,3.52,53.38,3.833,0.955,160.89600000000002,3.64,1.0,33490.0,3.6182,7838.956,510.87,9111.6182,3.75,628.89,95.11100000000002,5.618,2190.0,1.735,39.626,0.9549999999999998,0.9549999999999998,219.72,5.045,8.555,323.5092,31.83,0.955,129.43200000000002,96.45,2.7,260.0,2750.0,8.555,8.748,1.386,51.5,34.6,3.6426,377.4942,970.0,43.1,321.8,628.89,2.217,6.05,1.338,1655000.0,1.8974,5250.0,3.2101999999999995,1830.0,5.312,3.673,0.621,26.9,1030.0,132.84,1397.0,15396.0,3.165,179.0,59.29,4500.0,326.0722,1605.0
2003-01-01,40.3,129.86,80.86,62.552,2.7,3.19,590.0,1.646,0.926,18.5396,4900.0,0.9466,1.0,0.377,58.0,2.02,1967.0,285.59180000000003,0.926,32.25020000000001,2.2,607.57,1.0,7.564,1.817,5.464,3.557,1.738,1.809,607.57,450.0,1060.4,3930.0,607.57,1.492,100.967,292.1248,607.57,607.57,749.85,8.265,2957.5,557.152,607.57,422.5,385.05,607.57,7.05,1.0,284.7466,0.537,28.888,6.878,176.95,22.5,1.0,18315.4,5.56,1.0,607.57,13.55,284.7466,14.458,8.58,0.926,1.959,0.926,4.6044,0.926,6.5176,607.57,24.0,2.18,0.926,1.8038,8525.0,0.926,218.544,2.7,7.86,1975.0,607.57,194.0,41.0,17.0,7.798,225.09,77.7,47.52,8845.0,5442.4,1181.6,0.926,0.8880000000000001,4.813,0.926,1345.12,607.57,54.0,118.08,287.1752,0.707,154.0,76.45,1193.6,0.3,46.1,10660.0,284.7407999999999,0.578,1501.0,8.125,49.0,1.6805999999999996,284.7407999999999,3.197,0.926,41.969800000000006,289.2526,56.7,1603.1,6250.0,90.088,3.8,607.57,284.7466,0.393,1.0,0.9318,4.993399999999999,276.96,27.33,11.05,1.0,14.27,1126.0,0.9318,9.87,23726.0,32.0788,8.125,77.8,0.926,1.4414,1.78,1.788,14.74,607.57,127.8,7.146,0.385,58.0,284.8,1.0,3.584,6850.0,3.48,54.45,3.908,0.955,158.14,3.64,1.0,32920.0,3.605,47.71,510.87,9053.4395,3.75,607.57,92.6154,5.618,2200.0,1.739,38.739,284.7466,0.9318,214.67,5.045,8.125,286.45739999999995,31.574,0.926,125.9814,96.86,2.7,260.0,2750.0,8.125,8.466,1.355,51.5,34.72,3.1,340.43860000000006,1027.0,42.77,284.8,607.57,2.16,6.05,1.316,1595000.0,1.879,5250.0,3.197,1905.0,5.322,3.673,0.634,28.25,1000.0,127.0,1600.0,15426.0,3.049,182.0,57.71,4950.0,289.24339999999995,1420.0
2003-05-01,49.1,117.6,79.498,72.375,2.7,2.87,585.8,1.532,0.845,19.8576,4900.0,0.876,1.0,0.377,58.0,2.02,2035.0,441.7720000000001,0.845,30.5694,2.2,549.0,1.0,7.621,1.642,5.144,2.963,1.73,1.645,549.0,450.0,1051.521,3950.0,549.0,1.37,94.98,447.50139999999993,549.0,549.0,711.8,8.265,2860.8,557.152,549.0,414.0,394.64,549.0,6.37,1.0,0.845,0.496,25.922,6.272,176.95,27.0,1.0,18010.0,5.96,1.0,549.0,13.55,440.8759999999999,13.218,8.59,0.845,1.86,0.845,3.8884,0.845,4.9362,549.0,27.0,2.148,0.845,1.6822000000000004,8525.0,0.845,210.91000000000005,2.7,7.905,1980.0,549.0,195.41,37.25,17.18,7.798,210.96,71.68,46.88,8200.0,5297.0,1184.4842,0.845,0.8175999999999999,4.385,0.845,1365.382,549.0,60.45,118.69,443.2894,0.708,150.2,72.4,1205.9,0.299,44.5,10550.0,440.8759999999999,0.559,1501.0,8.041,49.0,1.6186,440.8759999999999,2.917,0.845,40.4862,445.5416,52.0,1603.162,6100.0,91.2,3.8,549.0,0.845,0.365,1.0,0.845,0.845,268.22,26.85,10.32,1.0,14.0,1129.0,0.845,9.207,23641.0,32.1568,8.041,76.3,0.845,1.354,1.78,1.732,14.89,549.0,129.5,6.657,0.385,57.7,441.0,1.0,3.546,6250.0,3.49,53.1,3.723,0.845,152.76600000000002,3.639,1.0,32190.0,3.5138,47.19,528.13,9192.7031,3.75,549.0,88.8416,5.618,2285.0,1.729,34.801,0.845,0.845,196.96,5.045,8.041,442.5328,30.684,0.845,120.5,97.21,2.7,260.45,2750.0,8.041,7.724,1.291,51.5,34.59,3.1,496.4713999999999,1035.0,41.66,441.0,549.0,2.142,6.05,1.252,1424000.0,1.8364,5250.0,3.1059999999999994,1991.01,5.318,3.673,0.608,27.9,1000.0,121.03,1600.0,15469.0,2.907,183.0,56.69,4730.0,445.2772000000001,2201.0
2003-09-01,49.25,113.5,77.767,79.311,2.7,2.91,580.0,1.469,0.856,22.3832,4900.0,0.8847999999999999,1.0,0.377,58.0,2.02,2108.0,1131.5648,0.856,30.9226,2.2,556.0,1.0,7.732,1.709,4.695,2.924,1.727,1.669,556.0,450.0,1065.4,4020.0,556.0,1.347,96.79,1137.3932,556.0,556.0,660.8,8.265,2885.0,557.152,556.0,352.5,408.23,556.0,6.57,1.0,1130.6847999999998,0.5,26.859,6.36,176.95,31.85,1.0,18163.4,6.125,1.0,556.0,13.55,1130.6847999999998,13.397,8.61,0.856,1.824,0.856,3.8118,0.856,4.9062,556.0,34.0,2.113,0.856,1.6702,8625.0,0.856,211.558,2.7,8.03,1995.0,556.0,195.41,38.75,17.429,7.744,217.72,76.37,45.7,8300.0,8229.0,1182.9,0.856,0.8263999999999999,4.439,0.856,1353.22,556.0,59.35,111.35,1133.1004,0.708,148.7,78.2,1150.1,0.295,43.2,10550.0,1130.6847999999998,0.556,1501.0,6.938,49.0,1.5901999999999998,1130.6847999999998,2.955,0.856,39.5684,1135.3888,53.0,1607.8,6100.0,107.28,3.8,556.0,1130.6847999999998,0.368,1.0,0.8560000000000001,0.856,260.05,28.25,11.04,1.0,12.8,1159.0,0.8560000000000001,9.357,23522.0,33.306400000000004,6.938,74.3,0.856,1.3338,1.78,1.68,15.24,556.0,131.05,7.037,0.385,57.75,1130.8,1.0,3.29,6200.0,3.49,54.8,3.927,0.856,151.49399999999997,3.64,1.0,32896.0,3.5624,47.8,555.7,9192.703,3.75,556.0,89.1834,5.18,2401.0,1.728,35.242,1130.6847999999998,0.8560000000000001,201.61,5.045,6.938,1132.348,30.582,0.856,117.84,94.26,2.7,260.45,2800.0,6.938,7.696,1.317,51.5,33.68,3.1,1186.329,1039.0,40.02,1130.8,556.0,2.105,6.05,1.26,1390000.0,1.8164,5250.0,3.1544,1982.0,5.319,3.673,0.6,27.6,974.0,118.86,1600.0,15549.0,2.786,183.0,57.56,4740.0,1135.1806,5650.0
2003-12-01,48.17,105.6,70.185,77.714,2.7,2.955,563.0,1.36,0.806,22.1518,4900.0,0.8448,1.0,0.377,58.0,2.02,2145.0,1301.5488,0.806,29.6248,2.2,528.72,1.0,7.796,1.572,4.558,2.912,1.708,1.577,528.72,450.0,1062.3,3990.0,528.72,1.324,89.827,1306.9588,528.72,528.72,596.7,8.265,2806.75,557.152,528.72,368.5,417.84,528.72,6.13,1.0,1300.6447999999996,0.471,25.711,6.001,176.95,34.8,1.0,18104.8,6.15,1.0,528.72,13.55,1300.6447999999996,12.612,8.62,0.806,1.744,0.806,3.768,0.806,4.719,528.72,30.0,2.09,0.806,1.5618,8700.0,0.806,210.01800000000003,2.7,8.0,2000.0,528.72,195.41,40.5,17.957,7.763,211.39,72.25,45.4,8400.0,8229.0,1198.26,0.806,0.7864000000000001,4.357,0.806,1345.2,528.72,60.26,107.37,1303.084,0.708,145.0,75.75,1195.0,0.295,44.2,10443.0,1300.6447999999996,0.537,1513.0,6.865,49.0,1.5312,1300.6447999999996,2.783,0.806,39.26180000000001,1305.3916,49.2,1574.95,5926.49,107.28,3.8,528.72,1300.6447999999996,0.348,1.0,0.806,0.856,268.42,26.05,11.2,1.0,12.95,1171.0,0.806,8.835,23532.0,31.7648,6.865,73.8,0.806,1.2644,1.78,1.556,15.39,528.72,137.3,6.748,0.385,57.15,1300.8,1.0,3.247,5875.0,3.46,55.45,3.742,0.806,146.53799999999998,3.64,1.0,32492.0,3.4849999999999994,47.504,577.29,9192.703,3.75,528.72,84.4124,5.18,2538.0,1.708,33.169,1300.6447999999996,0.806,190.87,5.045,6.865,1302.3188000000002,29.234,0.806,112.0594,95.67,2.7,260.45,2800.0,6.865,7.318,1.276,51.5,33.96,2.98,1356.1692,1050.0,39.58,1300.8,528.72,2.033,6.05,1.226,1420000.0,1.7746,5250.0,3.0769999999999995,1873.0,5.319,3.673,0.566,28.7,974.0,112.5,1600.0,15657.0,2.746,184.0,55.18,4230.0,1305.0522,6500.0
2004-01-01,49.87,106.2,71.487,79.97,2.7,2.845,563.0,1.312,0.816,23.6754,4950.0,0.8527999999999999,1.0,0.377,58.0,2.02,2151.0,877.9168,0.816,29.3718,2.2,535.04,1.0,7.892,1.596,4.651,2.908,1.676,1.589,535.04,450.0,1080.3,3990.0,535.04,1.312,89.874,883.2504000000001,535.04,535.04,617.6,8.265,2682.3,557.152,535.04,382.5,427.77,535.04,6.0,1.0,0.8160000000000001,0.478,26.415,6.078,176.95,43.0,1.0,18309.4,6.18,1.0,535.04,13.55,877.0287999999998,12.77,8.63,0.816,1.704,0.816,4.3828000000000005,0.816,5.950799999999999,535.04,29.0,2.0,0.816,1.5406,8850.0,0.816,209.04,2.7,8.085,2000.0,535.04,195.41,29.0,17.957,7.79,202.9,72.1,43.88,8500.0,8229.0,1421.0,0.816,0.7943999999999999,4.521,0.816,1434.04,535.04,60.26,104.02,879.4928,0.708,138.8,77.6,1146.2,0.295,42.6,10425.0,877.0287999999998,0.534,1514.0,6.311,49.0,1.4952,877.0287999999998,2.818,0.816,38.278,881.796,49.7,1575.36,8196.72,107.28,3.8,535.04,0.8160000000000001,0.348,1.0,0.8160000000000001,4.6842,268.42,26.3,11.16,1.0,11.8,1179.0,0.8160000000000001,8.975,23517.0,31.1988,6.311,72.85,0.816,1.2428,1.78,1.502,15.65,535.04,130.0,6.875,0.385,57.1,877.176,1.0,3.096,5820.0,3.46,56.1,3.872,0.816,145.03,3.64,1.0,33388.0,3.518,45.45399999999999,582.44,9192.703,3.75,535.04,84.5442,5.18,2502.06,1.674,32.73,0.8160000000000001,0.8160000000000001,194.47,5.045,6.311,878.6792000000002,28.514,0.816,109.9608,97.35,2.7,260.45,2800.0,6.311,7.563,1.272,51.66,32.9,2.93,932.5346000000002,1105.5,39.28,877.176,535.04,1.946,6.15,1.247,1309500.0,1.7353999999999998,5200.0,3.1100000000000003,1910.0,5.319,3.673,0.545,29.25,1000.0,110.91,1920.0,15717.0,2.75,184.0,57.66,4625.0,881.5086000000001,4381.88
2004-05-01,57.69,104.4,71.575,81.54,2.7,2.958,549.0,1.399,0.819,24.664,4950.0,0.8552,1.0,0.377,60.0,2.02,2153.0,1067.5985999999998,0.819,29.7246,2.2,537.15,1.0,7.892,1.601,4.764,3.111,1.699,1.594,537.15,450.0,1080.3,3990.0,537.15,1.365,91.595,1072.9335999999998,537.15,537.15,632.4,8.265,2723.1,557.152,537.15,382.5,433.78,537.15,6.08,1.0,0.819,0.48,25.483,6.089,176.95,47.65,1.0,18432.4,6.18,1.0,537.15,13.55,1066.7032000000002,12.778,8.63,0.819,1.753,0.819,4.413200000000001,0.819,5.961,537.15,29.0,1.92,0.819,1.5872,8900.0,0.819,211.282,2.7,7.98,2000.0,537.15,203.0,33.75,18.122,7.794,205.44,71.45,45.1,9100.0,8229.0,1455.0,0.819,0.7968,4.56,0.819,1426.1,537.15,60.26,110.19,1069.1726,0.708,137.0,79.35,1164.0,0.295,43.9,10552.0,1066.7032000000004,0.539,1513.75,6.509,49.0,1.55,1066.7032000000002,2.827,0.819,39.1258,1071.4478,50.4,1568.97,11065.8,107.28,3.8,537.15,0.819,0.35,1.0,0.819,4.7146,268.42,28.05,11.41,1.0,11.95,1163.0,0.819,8.949,23361.0,31.9842,6.509,73.45,0.819,1.285,1.78,1.589,15.77,537.15,130.5,6.722,0.385,57.69,1066.848,1.0,3.087,5900.0,3.49,55.86,3.794,0.819,146.692,3.64,1.0,33410.0,3.5102,48.32000000000001,580.64,9192.703,3.75,537.15,85.94800000000001,5.18,2600.0,1.698,32.779,0.819,0.819,195.55,5.045,6.509,1068.3766,29.021,0.819,111.391,99.08,2.7,260.45,2800.0,6.509,7.451,1.253,51.65,33.29,0.819,1122.2248,1112.0,40.56,1066.848,537.15,1.99,6.15,1.272,1418000.0,1.743,5200.0,3.1022,1834.75,5.319,3.673,0.546,29.3,1012.0,113.77,1920.0,15739.0,2.71,184.0,58.44,4685.0,1071.1276,5330.24
2004-09-01,45.67,103.2,72.607,85.127,2.7,3.002,517.0,1.414,0.82,20.9726,4900.0,0.8559999999999999,1.0,0.377,59.0,2.02,2160.0,1241.5528,0.82,0.82,2.2,537.68,1.0,7.962,1.605,4.329,2.933,1.712,1.605,537.68,450.0,1080.3,3990.0,537.68,1.314,90.279,1246.2024,537.68,537.68,625.9,8.265,2531.0,557.152,537.68,433.5,444.1,537.68,6.1,1.0,1240.6559999999995,0.474,22.601,6.102,176.95,28.75,1.0,17000.0,6.218,1.0,537.68,13.55,1240.6559999999995,12.833,8.64,0.82,1.764,0.82,0.82,0.82,3.9983999999999993,537.68,29.0,1.785,0.82,0.82,8900.0,0.82,174.772,2.7,7.885,2650.0,537.68,203.0,35.0,18.34,7.8,203.53,63.27,46.18,9200.0,8229.0,1421.0,0.82,0.82,4.517,0.82,0.82,537.68,61.61,108.82,1243.116,0.708,136.5,79.75,1151.7,0.295,42.2,10835.0,1240.6559999999995,0.54,1514.0,5.726,49.0,1.5345999999999995,1240.6559999999995,2.833,0.82,32.924,1245.804,50.4,1269.164,8280.340619999999,107.28,3.8,537.68,1240.6559999999995,0.352,1.0,0.82,0.82,269.8,28.1,11.38,1.0,11.97,1195.0,0.82,9.066,19602.0,25.7486,5.726,74.7,0.82,0.82,1.78,1.523,15.94,537.68,131.25,6.189,0.385,58.62,1240.8,1.0,3.003,5880.0,3.35,56.12,3.139,0.82,0.82,3.64,1.0,29608.0,3.3524000000000003,45.878,574.936,9192.7031,3.75,537.68,86.4652,5.18,2616.0,1.71,29.366,1240.6559999999995,0.82,196.71,7.117,5.726,1242.3388,29.253,0.82,0.82,103.05,2.7,260.45,2.8,5.726,7.489,1.264,51.53,33.85,3.02,1296.1834,1072.0,41.57,1240.8,537.68,1.988,6.15,1.26,1498000.0,1.5234,5200.0,2.9444000000000004,1708.0,5.319,3.673,0.554,27.42,1034.0,114.99,1920.0,15755.0,2.789,184.0,60.88,4705.0,1245.4026,6200.0
2004-12-01,45.21,96.7,73.037,86.236,2.7,2.942,495.0,1.296,0.753,20.7034,4894.0,0.8024000000000001,1.0,0.377,59.0,2.02,2173.0,1241.5266,0.753,0.753,2.2,493.54,1.0,8.007,1.473,4.357,2.718,1.639,1.473,493.54,450.0,1085.7,3850.0,493.54,1.188,83.94,1246.2271999999998,493.54,493.54,589.3,8.265,2480.1001,557.152,493.54,478.5,454.79,493.5400000000001,5.73,1.0,1240.6023999999998,0.437,22.908,5.596,175.9,28.0,1.0,16759.0,6.21,1.0,493.54,15.0,1240.6023999999998,11.787,8.65,0.753,1.633,0.753,0.753,0.753,3.7964,493.54,29.0,1.78,0.753,0.753,9020.0,0.753,167.7546,2.7,7.73,2850.0,493.54,203.0,36.0,18.57,7.775,184.61,64.96,44.6,8900.0,8229.0,1461.0,0.753,0.753,4.362,0.753,0.753,493.54,61.61,103.11,1243.0846,0.708,130.0,81.15,1048.0,0.295,41.2,10570.0,1240.6023999999998,0.518,1513.5,5.794,49.0,1.432,1240.6023999999998,2.6,0.753,31.632600000000004,1245.7664,46.9,1264.7706199999998,8286.340619999999,106.5,3.8,493.54,1240.6023999999998,0.326,1.0,0.753,0.753,269.8,28.24,11.235,1.0,12.4,1208.0,0.753,8.47,19684.0,25.1056,5.794,72.55,0.753,0.753,1.78,1.399,16.16,493.54,132.05,6.137,0.385,59.65,1240.8,1.0,3.026,6090.0,3.3,56.1,3.153,0.753,0.753,3.639,1.0,28874.0,3.2984,45.082,569.46,9192.7031,3.75,493.54,83.4394,5.198,2847.0,1.638,29.62,1240.6023999999998,0.753,180.61,7.117,5.794,1242.2710000000002,28.125,0.753,0.753,104.8,2.7,255.29,2.8,5.794,6.728,1.14,52.0,32.2,3.03,1294.9761999999998,1054.0,39.41,1240.8,493.54,1.917,6.15,1.213,1430000.0,1.4592,5148.0,2.8906,1738.0,5.295,3.672,0.524,26.7,1051.0,106.52,2150.0,15767.0,2.551,185.0,58.3,4675.0,1245.2384,6200.0
2005-01-01,45.21,95.63,73.037,86.913,2.7,2.928,473.77,1.259,0.754,20.8538,4900.0,0.8032,1.0,0.377,61.0,2.02,2161.0,1295.9276,0.754,0.754,2.2,493.65,1.0,8.052,1.474,4.355,2.582,1.625,1.474,493.65,450.0,1113.5,4032.0,493.65,1.229,82.15,1300.404,493.65,493.65,576.2,8.265,2328.0,557.152,493.65,478.5,464.9,493.65,5.65,1.0,0.754,0.44,21.994,5.609,177.0,28.5,1.0,16707.4,5.79,1.0,493.65,15.0,1295.0032,11.789,8.66,0.754,1.638,0.754,0.754,0.754,3.8022,493.65,29.0,1.83,0.754,0.754,9020.0,0.754,167.2288,2.7,7.66,3328.0,493.65,203.0,36.25,18.74,7.799,182.04,60.49,43.45,9200.0,8229.0,1459.0,0.754,0.754,4.347,0.754,0.754,493.65,61.61,104.26,1297.4815999999998,0.708,130.3,75.9,1006.0,0.292,41.2,10305.0,1295.0032,0.524,1513.0,5.77,49.0,1.4216000000000002,1295.0032,2.601,0.754,30.9448,1300.0784,47.7,1236.9508,9447.0,106.0,3.8,493.65,0.754,0.326,1.0,0.754,0.754,269.8,28.45,11.091,1.0,12.6,1210.0,0.754,8.502,20885.0,24.8268,5.77,70.7,0.754,0.754,1.78,1.371,16.24,493.65,130.0,6.191,0.385,59.31,1295.2,1.0,2.998,6250.0,3.26,54.6,3.24,0.754,0.754,3.638,1.0,27349.0,3.3078000000000003,44.992,564.12,9192.7031,3.75,493.65,81.60340000000001,5.198,2850.0,1.624,28.5,0.754,0.754,180.55,7.143,5.77,1296.6666,27.67,0.754,0.754,99.45,2.7,255.0,2.8,5.77,6.823,1.158,52.25,31.06,3.05,1349.3048,1103.0,38.26,1295.2,493.65,1.876,6.244,1.223,1276000.0,1.36,5148.0,2.9001999999999994,1685.0,5.28,3.673,0.519,25.3,1068.0,106.23,2150.0,15798.0,2.597,187.0,61.04,4600.0,1299.5894,6472.0
2005-05-01,45.21,100.18,72.294,88.877,2.7,2.885,452.0,1.321,0.81,20.894,4800.0,0.8480000000000001,1.0,0.377,62.0,2.02,2149.0,1801.5344000000005,0.81,0.81,2.2,530.65,1.0,8.072,1.585,5.447,2.411,1.663,1.585,530.65,450.0,1115.15,4032.0,530.65,1.251,85.841,1806.646,530.65,530.65,582.6,8.265,2338.1499,557.152,530.65,512.5,474.35,530.65,5.81,1.0,0.8100000000000002,0.467,24.129,6.03,177.0,28.6,1.0,17734.4,5.785,1.0,530.65,15.0,1800.648,12.68,8.66,0.81,1.672,0.81,0.81,0.81,3.9308,530.65,28.0,1.83,0.81,0.81,9020.0,0.81,174.72599999999997,2.7,7.595,3648.0,530.65,203.0,38.15,18.86,7.78,206.01,64.62,43.45,9450.0,8229.0,1464.27,0.81,0.81,4.407,0.81,0.81,530.65,61.61,107.97,1803.0936,0.707,132.5,76.9,1007.0,0.292,41.2,10535.0,1800.6479999999997,0.564,1509.0,6.74,49.0,1.4631999999999998,1800.648,2.798,0.81,31.479000000000003,1805.6504,48.0,1260.99198,9963.0,119.36,3.8,530.65,0.8100000000000002,0.349,1.0,0.8100000000000002,0.81,269.8,28.85,10.885,1.0,12.55,1192.0,0.8100000000000002,8.871,23527.0,25.2982,6.74,70.05,0.81,0.81,1.78,1.417,16.33,530.65,130.25,6.436,0.385,59.2,1800.8,1.0,2.966,6220.0,3.25,54.35,3.367,0.81,0.81,3.638,1.0,29310.0,3.3706000000000005,45.382,559.74,9192.7031,3.75,530.65,82.69700000000002,5.198,2877.0,1.664,31.604,0.8100000000000002,0.8100000000000002,194.01,7.092,6.74,1802.2558,28.236,0.81,0.81,99.9,2.7,250.0,2.8,6.74,7.42,1.245,53.1,31.34,3.07,1854.021,1120.0,40.595,1800.8,530.65,1.892,6.194,1.292,1362000.0,1.362,5200.0,2.963,1744.0,5.032,3.673,0.548,24.15,1102.0,108.4,2150.0,15850.0,2.551,192.0,65.54,4575.0,1805.3466,9000.0
2005-09-01,45.21,100.18,73.258,88.973,2.7,2.91,485.0,1.331,0.815,21.0176,4600.0,0.8247399999999999,1.0,0.377,66.0,2.02,2148.0,4831.5398000000005,0.815,34.8125,2.2,534.08,1.0,8.037,1.594,5.411,2.374,1.686,1.594,534.08,450.0,1066.0,4032.0,534.08,1.188,87.695,4836.6388,534.08,534.08,540.6,8.1,2303.1001,557.152,534.08,470.0,483.8,534.08,6.04,1.0,4830.651999999999,0.467,23.739,6.076,177.0,29.1,1.0,17989.6,5.763,1.0,534.08,15.0,4830.652,12.748,8.67,0.815,1.699,0.815,5.1725,0.815,5.7,534.08,28.0,1.8,0.815,1.6869,9020.0,0.815,279.4,2.7,7.565,3856.0,534.08,203.0,41.65,18.87,7.772,199.04,62.95,43.75,10400.0,8229.0,1469.2,0.815,0.6837,4.529,0.815,1670.7,534.08,61.61,111.02,4833.118199999999,0.708,135.7,75.67,1040.0,0.292,40.8,10830.0,4830.651999999999,0.567,1502.0,6.44,49.0,1.312,4830.651999999999,2.813,0.815,34.8125,4835.5714,50.3,1610.3600199999998,10092.0,120.2,3.772,534.08,4830.651999999999,0.35,1.0,0.815,5.7,269.8,29.35,10.808,1.0,12.49,1205.0,0.8149999999999998,9.036,24291.0,31.1074,6.44,70.8,0.815,0.81,1.78,1.444,16.37,534.08,130.25,6.404,0.385,59.53,1.0,1.0,2.931,6050.0,3.27,56.17,3.28,0.815,174.51,3.64,1.0,28560.0,2.954,46.826,557.598,9192.7031,3.75,534.08,83.4746,5.198,2905.0,1.684,31.562,4830.651999999999,0.8149999999999998,195.39,6.757,6.44,4832.2476,28.562,0.815,144.72,101.2,2.7,250.0,2.9,6.44,7.6,1.261,53.9,32.706,3.17,4884.0432,1131.0,41.32,1.0,534.08,1.938,6.227,1.317,1341000.0,1.347,5200.0,2.9526000000000003,1820.0,4.948,3.672,0.557,24.2,1127.0,109.95,2150.0,15867.0,2.674,192.0,69.1,4220.0,4835.3048,24150.0
2005-12-01,50.3,103.62,73.258,80.708,2.7,3.025,456.0,1.363,0.847,22.1946,4600.0,0.92,1.0,0.377,67.0,2.02,2146.0,21601.5456,0.847,34.8125,2.2,555.04,1.0,7.95,1.656,5.45,2.334,1.662,1.657,555.04,450.0,1022.0,4166.0,555.04,1.168,90.566,21606.7402,555.04,555.04,511.8,8.068,2285.05,557.152,555.04,442.5,495.8,555.04,6.19,0.926,0.8469999999999999,0.486,23.962,6.317,177.0,33.65,1.0,18618.4,5.728,1.0,555.04,15.0,21600.6776,13.253,8.681,0.847,1.728,0.847,5.1725,0.847,5.7,555.04,28.0,1.8,0.847,1.6869,9020.0,0.847,279.4,2.7,7.58,4500.0,555.04,203.0,36.9,18.95,7.753,213.99,63.14,44.9,9800.0,8229.0,1469.2,0.847,0.6837,4.602,0.847,1670.7,555.04,64.17,117.94,21603.133,0.708,134.4,72.35,1003.5,0.292,41.2,10777.0,21600.6712,0.589,1501.0,6.335,49.0,1.34,21600.6712,2.924,0.847,34.8125,21605.6108,51.9,2161.1699,8955.801360000001,125.0,3.779,555.04,0.8469999999999999,0.362,1.0,0.815,5.7,268.51,30.2,10.638,1.0,12.81,1229.0,0.8469999999999999,9.253,26836.0,31.312800000000003,6.335,72.9,0.847,0.81,1.78,1.465,17.12,555.04,130.2,6.757,0.385,59.72,21600.8,1.0,2.921,6050.0,3.43,52.99,3.253,0.847,174.51,3.64,1.0,29766.0,3.117,46.658,553.12,11680.0068,3.75,555.04,84.0248,5.198,2930.0,1.663,32.038,0.8469999999999999,0.8469999999999999,202.8,6.993,6.335,21602.3096,28.739,0.847,144.72,102.01,2.7,230.0,2.9,6.335,7.948,1.317,55.0,32.76,3.2,21650.115,1145.0,41.0,21600.8,555.04,2.045,6.247,1.359,1345000.0,1.35,5200.0,3.0014000000000003,1812.0,5.01,3.673,0.582,23.5,1145.0,111.05,2150.0,15913.0,2.681,194.0,71.92,3340.0,21605.485200000003,108000.0
2006-01-01,50.3,102.89,72.366,80.708,2.7,3.072,456.0,1.349,0.841,21.9768,4600.0,0.92,1.0,0.377,70.0,2.02,2144.0,25261.51,0.841,34.8125,2.0,551.17,1.0,7.95,1.646,5.438,2.134,1.624,1.646,551.17,450.0,1022.0,4112.0,551.17,1.138,90.704,25266.5714,551.17,551.17,516.7,8.038,2554.9,557.152,551.17,442.5,502.22,551.17,6.12,0.926,0.841,0.484,23.453,6.279,177.0,32.5,1.0,18278.6,5.73,1.0,551.17,15.0,25260.6728,13.164,8.681,0.841,1.75,0.841,5.1725,0.841,5.7,551.17,28.0,1.82,0.841,1.6869,9095.0,0.841,279.4,2.7,7.584,4602.0,551.17,201.3,37.9,18.95,7.758,212.9,75.19,44.35,9150.0,8229.0,1469.2,0.841,0.6837,4.699,0.841,1670.7,551.17,64.17,116.17,25263.1522,0.708,131.3,72.6,970.9,0.292,41.2,10441.0,25260.6676,0.586,1501.0,6.878,49.0,1.338,25260.6676,2.904,0.841,34.8125,25265.613,51.9,2200.0901,8877.942780000001,134.0,3.714,551.17,0.841,0.362,1.0,0.815,5.7,268.51,30.5,10.449,1.0,13.005,1200.0,0.841,9.242,26588.0,31.2402,6.174,71.45,0.841,0.81,1.78,1.512,17.27,551.17,127.5,6.068,0.385,59.85,25260.8,1.0,2.888,5990.0,3.29,51.59,3.181,0.841,174.51,3.639,1.0,29305.0,2.925,46.578,553.12,11925.7139,3.75,551.17,83.664,5.198,2975.0,1.622,31.196,0.841,0.841,201.45,6.993,6.174,25262.3198,28.076,0.841,144.72,102.48,2.7,230.0,2.9,6.174,7.946,1.318,53.05,32.401,3.22,25310.0874,1185.0,39.12,25260.8,551.17,2.043,6.234,1.36,1345000.0,1.596,5200.0,2.955,1820.0,5.037,3.673,0.572,24.2,1208.0,111.2,2150.0,15909.0,2.714,196.0,73.83,3270.0,25265.3474,126300.0
2006-05-01,50.3,95.62,72.366,80.097,2.7,3.082,427.0,1.324,0.778,21.7848,4550.0,0.92,1.0,0.377,69.0,2.02,2143.0,52.52239999999999,0.778,34.8125,2.0,509.89,1.0,7.95,1.521,5.65,2.302,1.575,1.522,509.89,450.0,1022.0,4079.0,509.89,1.097,86.03,57.2042,509.89,509.89,532.0,8.022,2477.0,557.152,509.89,442.5,509.89,509.89,5.65,0.926,0.778,0.448,21.497,5.802,174.2,32.3,1.0,18002.6,5.758,1.0,509.89,15.0,51.64240000000001,12.174,8.69,0.778,1.712,0.778,5.1725,0.778,5.7,509.89,28.0,1.8,0.778,1.6869,9095.0,0.778,279.4,2.7,7.567,5547.0,509.89,201.3,37.9,18.95,7.758,204.2,71.49,46.1,9200.0,8229.0,1476.2,0.778,0.6837,4.507,0.778,1670.7,509.89,65.42,112.26,54.1336,0.708,123.0,72.05,945.3,0.289,40.8,10065.0,51.64240000000001,0.542,1501.0,7.384,49.0,1.288,51.64240000000001,2.686,0.778,34.8125,56.6304,50.2,2168.45,8775.42852,136.95,3.629,509.89,0.778,0.334,1.0,0.778,5.7,268.51,30.7,11.28,1.0,13.21,1179.0,0.778,8.633,26228.0,31.0582,6.668,73.85,0.778,0.81,1.78,1.571,17.5,509.89,128.0,6.068,0.385,60.1,51.82000000000001,1.0,2.941,5690.0,3.3,52.81,3.061,0.778,174.51,3.64,1.0,28565.0,2.751,46.402,551.45,11663.1426,3.749,509.89,82.52919999999999,5.198,2956.0,1.577,29.361,0.778,0.778,186.52,6.969,6.668,53.29039999999999,26.966,0.778,144.72,102.9,2.7,220.0,2.8,6.668,7.21,1.214,50.7,31.99,3.24,98.9148,1250.0,38.15,51.82000000000001,509.89,1.992,6.274,1.309,1345000.0,1.57,5200.0,2.8894,1850.0,5.042,3.672,0.534,23.85,1232.0,108.35,2150.0,15955.0,2.674,196.0,68.53,3940.0,56.22099999999999,255.1
2006-09-01,50.3,95.63,71.49,80.097,2.7,3.096,395.0,1.318,0.782,21.8736,4450.0,0.88,1.0,0.377,69.0,2.02,2136.0,1.9022,0.782,34.8125,2.0,512.49,1.0,7.94,1.53,6.02,2.151,1.577,1.53,512.49,450.0,1043.0,4114.0,512.49,1.111,85.371,6.3706,512.49,512.49,537.0,7.968,2402.0,557.152,512.49,536.5,517.63,512.49,5.64,0.926,0.782,0.451,21.61,5.836,177.0,32.5,1.0,17753.0,5.74,1.0,512.49,15.0,0.782,12.238,8.7,0.782,1.717,0.782,5.1725,0.782,5.7,512.49,28.0,1.92,0.782,1.6869,9095.0,0.782,279.4,2.7,7.58,5547.0,512.49,201.3,38.4,18.95,7.779,216.31,69.94,46.3,9100.0,8229.0,1473.2,0.782,0.6837,4.399,0.782,1670.7,512.49,65.42,117.16,3.65,0.708,125.7,72.75,963.9,0.289,39.8,10045.0,0.782,0.544,1502.0,6.6574,49.0,1.303,0.782,2.701,0.782,34.8125,7.0406,48.0,2129.77,8689.42852,136.91,3.68,512.49,0.782,0.336,1.0,0.782,5.7,271.0,32.5,10.947,1.0,13.3,1170.0,0.782,8.705,25720.0,31.3796,7.189,74.4,0.782,0.81,1.78,1.565,17.68,512.49,128.15,6.285,0.385,60.26,1.0,1.0,2.852,5360.0,3.24,51.15,3.09,0.782,174.51,3.64,1.0,27882.0,2.788,45.53,551.45,11663.1426,3.75,512.49,82.36019999999999,5.198,2880.0,1.578,29.502,0.782,0.782,187.36,6.868,7.189,4.4576,26.773,0.782,144.72,103.25,2.7,210.0,2.8,7.189,7.236,1.236,51.4,32.925,3.41,47.1332,1311.0,37.65,1.0,512.49,1.994,6.222,1.326,1345000.0,1.514,5200.0,2.8862,1849.25,5.0,3.673,0.527,23.8,1235.0,107.79,2150.0,16018.0,2.714,197.0,65.03,4470.2,6.966799999999999,280611.54
2006-12-01,50.3,93.45,69.78,80.097,2.7,3.058,362.0,1.263,0.759,21.9628,4400.0,0.88,1.0,0.377,69.0,2.02,2136.0,1221.4888,0.759,34.8125,2.0,498.16,1.0,7.94,1.485,5.942,2.141,1.53,1.486,498.16,450.0,1043.0,4052.0,498.16,1.172,82.984,1225.5184000000002,498.16,498.16,539.0,7.814,2214.0,557.152,498.16,512.5,516.3,498.16,5.55,0.926,0.759,0.439,20.252,5.66,177.0,33.0,1.0,17244.4,5.704,1.0,498.16,15.0,1220.6072,11.884,8.78,0.759,1.644,0.759,5.1725,0.759,5.7,498.16,28.0,1.715,0.759,1.6869,9210.0,0.759,279.4,2.7,7.64,5640.0,498.16,205.0,36.9,18.95,7.787,191.36,69.86,44.05,8900.0,8229.0,1323.0,0.759,0.6837,4.182,0.759,1670.7,498.16,66.83,119.53,1223.0492,0.708,128.0,69.1,925.8,0.289,38.8,9625.0,1220.6072,0.53,1510.0,6.906,49.0,1.291,1220.6072,2.622,0.759,34.8125,1225.4324,46.1,2001.7,8626.4286,137.19,3.51,498.16,0.759,0.327,1.0,0.759,5.7,271.0,33.1,10.794,1.0,12.95,1170.0,0.759,8.42,26140.0,31.406,6.906,70.75,0.759,0.81,1.78,1.413,17.98,498.16,128.0,6.26,0.385,60.84,1220.8,1.0,2.838,5130.0,3.19,48.81,2.908,0.759,174.51,3.641,1.0,25499.0,2.55,44.182,549.28,11663.143,3.75,498.16,79.23679999999999,6.072,3015.0,1.534,26.067,0.759,0.759,181.5,6.031,6.906,1222.2487999999998,26.305,0.759,144.72,107.55,2.7,200.0,2.8,6.906,6.855,1.226,51.9,32.398,3.46,1263.8048,1275.0,35.6,1220.8,498.16,1.976,6.28,1.298,1345000.0,1.408,5200.0,2.8240000000000003,1753.0,5.034,3.673,0.512,24.25,1240.0,103.57,2150.0,16058.0,2.583,198.0,59.79,4040.0,1224.9699999999998,6100.0
2007-01-01,50.3,92.15,69.78,75.0,2.7,3.078,347.0,1.208,0.743,21.8122,4400.0,0.86,1.0,0.377,69.0,2.02,2145.0,5545.484399999999,0.743,34.8125,2.0,487.04,1.0,7.94,1.454,6.124,1.924,1.53,1.454,487.04,450.0,1040.0,4066.0,487.04,1.069,80.848,5549.3436,487.04,487.04,525.1,7.645,1902.2,361.35,487.04,500.0,516.7,487.0400000000001,5.39,0.926,5544.594399999999,0.434,20.699,5.535,177.0,32.15,1.0,13935.628519999998,5.682,1.0,487.04,15.0,5544.594399999999,11.631,8.95,0.743,1.622,0.743,5.1725,0.743,5.7,487.04,28.0,1.68,0.743,1.6869,9210.0,0.743,279.4,2.7,7.66,3220.0,487.04,200.3,35.9,18.95,7.809,186.02,61.58,40.55,8800.0,8229.0,1272.0,0.743,0.6837,4.063,0.743,1670.7,487.04,68.25,121.79,5547.024799999999,0.708,121.7,66.85,927.5,0.288,38.5,9559.0,5544.5944,0.517,1511.0,7.122,49.0,1.281,5544.594399999999,2.566,0.743,34.8125,5549.5698,44.6,1845.6,8586.42852,138.12,3.397,487.04,5544.594399999999,0.32,1.0,0.743,5.7,271.0,31.0,10.745,1.0,12.258,1170.0,0.743,8.349,13935.628519999998,26.19,7.122,64.85,0.743,0.81,1.78,1.358,18.33,487.04,127.5,6.042,0.385,60.72,5544.7852,1.0,2.883,5030.0,3.17,46.2,2.833,0.743,174.51,3.64,1.0,23576.0,2.426,43.1,546.2,11663.1426,3.75,487.04,76.5056,6.124,2995.0,1.531,25.221,5544.594399999999,0.743,178.0523,6.698,7.122,5546.2358,25.886,0.743,144.72,110.82,2.7,200.0,2.8,7.122,6.919,1.225,50.4,33.03,3.45,5587.714,1246.0,34.63,5544.7852,487.04,1.916,6.273,1.301,1345000.0,1.316,5200.0,2.7938,1680.0,5.018,3.671,0.505,23.85,1258.0,100.2,2150.0,16080.0,2.485,198.0,0.743,3960.0,5549.068200000001,27720.0
2007-05-01,50.3,92.15,69.78,75.0,2.7,3.078,347.0,1.208,0.743,21.8122,4249.2,0.86,1.0,0.377,69.0,2.02,2145.0,28001.4844,0.743,34.8125,2.0,487.04,1.0,7.94,1.454,6.124,2.136,1.53,1.454,487.04,450.0,1040.0,4066.0,487.04,1.069,80.848,28005.3436,487.04,487.04,525.1,7.645,2139.1,361.35,487.04,500.0,516.7,487.0400000000001,5.39,0.926,0.743,0.434,20.699,5.535,177.0,32.15,1.0,14255.2926,5.682,1.0,487.04,15.0,28000.594399999994,11.631,8.95,0.743,1.622,0.743,5.1725,0.743,5.7,487.04,28.0,1.68,0.743,1.6869,9210.0,0.743,279.4,2.7,7.66,3850.0,487.04,200.3,35.9,18.95,7.809,186.02,69.08,40.55,8800.0,8229.0,1272.3,0.743,0.6837,4.063,0.743,1670.7,487.04,68.25,121.79,28003.024800000003,0.708,121.7,66.85,927.5,0.288,38.5,9559.0,28000.59439999999,0.517,1511.0,7.122,49.0,1.281,28000.594399999994,2.566,0.743,34.8125,28005.569800000005,44.6,1845.6,8906.0926,138.12,3.397,487.04,0.743,0.32,1.0,0.743,5.7,271.0,31.0,10.745,1.0,12.258,1170.0,0.743,8.349,14255.2926,26.19,7.122,64.85,0.743,0.81,1.78,1.358,18.33,487.04,127.5,6.042,0.385,60.72,28000.8,1.0,2.883,5030.0,3.17,46.2,2.833,0.743,174.51,3.64,1.0,23576.0,2.426,43.1,546.2,13261.463,3.75,487.04,76.5056,6.904,2990.0,1.531,25.221,0.743,0.743,178.0523,6.698,7.122,28002.2358,25.886,0.743,144.72,110.82,2.7,200.0,2.8,7.122,6.919,1.225,50.4,33.03,3.45,28043.714,1246.0,34.63,28000.8,487.04,1.916,6.273,1.301,1345000.0,1.316,5200.0,2.7938,1680.0,5.018,3.671,0.505,23.85,1258.0,100.2,2150.0,16080.0,2.485,198.0,60.44,3960.0,28005.0682,140000.0
2007-09-01,49.53,90.5,67.47,75.0,2.7,3.156,336.0,1.081,0.733,20.7932,4276.2,0.86,1.0,0.377,69.0,2.02,2147.0,400001.486,0.733,34.8125,2.0,480.24,1.0,7.7,1.433,6.23,1.745,1.521,1.433,480.24,450.0,1100.0,4077.0,480.24,1.055,80.928,400005.2412,480.24,480.24,522.7,7.544,2161.8999,361.35,480.24,500.0,518.2,480.24,5.33,0.926,0.733,0.429,17.842,5.458,177.0,33.05,1.0,14410.69258,5.642,1.0,480.24,15.0,400000.5864,11.466,9.04,0.733,1.63,0.733,5.1725,0.733,5.7,480.24,22.0,1.67,0.733,1.6869,0.938,0.733,279.4,2.7,7.665,3835.0,480.24,200.3,35.15,18.95,7.796,186.6,63.57,40.9,9380.0,8229.0,1272.0,0.733,0.6837,4.121,0.733,1670.7,480.24,69.65,116.05,400003.0368,0.708,127.8,66.8,938.0,0.282,37.8,9607.0,400000.5864,0.511,1512.0,7.151,49.0,1.273,400000.5864,2.53,0.733,34.8125,400005.62500000006,44.6,1843.14,7192.280179999999,142.006,3.5,480.24,0.733,0.315,1.0,0.733,5.7,271.0,30.8,11.027,1.0,11.97,1187.25,0.733,8.245,14410.69258,25.81,7.151,65.75,0.733,0.81,1.78,1.425,18.5,480.24,126.15,5.817,0.385,60.65,400000.8,1.0,2.797,5090.0,3.16,41.56,2.516,0.733,174.51,3.64,1.0,23576.0,2.396,41.728,548.83,13261.4629,3.75,480.24,73.79159999999999,7.992,2984.0,1.523,24.729,0.733,0.733,175.6559,7.022,7.151,400002.2428,25.637,0.733,144.72,113.0,2.7,2.001,2.8,7.151,6.882,1.207,49.65,32.994,3.45,400004.0666,1120.0,34.34,400000.8,480.24,1.955,6.299,1.278,1345000.0,1.298,5200.0,2.7212,1770.0,5.017,3.673,0.496,23.5,1273.0,88.01,2150.0,16229.0,2.547,199.0,58.48,4030.0,400005.0726,2000000.0
2007-12-01,49.8,82.02,65.85,75.0,2.7,3.142,303.0,1.129,0.68,20.5508,7057.0,0.86,1.0,0.374,69.0,2.02,2153.0,4000001.4686,0.68,34.8125,2.0,446.08,1.0,7.53,1.331,6.544,1.78,1.446,1.331,446.08,450.0,1100.0,4069.0,446.08,0.999,73.569,4000004.795,446.08,446.08,432.7,7.396,2042.0,361.35,446.08,500.0,496.6,446.08,4.904,0.926,0.68,0.398,15.745,5.074,177.0,33.35,1.0,14334.69258,5.52,1.0,446.08,15.0,4000000.544,10.654,9.04,0.68,1.543,0.68,5.1725,0.68,5.7,446.08,21.0,1.63,0.68,1.6869,0.981,0.68,279.4,2.7,7.665,4208.0,446.08,200.3,36.65,18.95,7.787,172.24,70.21,39.55,9330.0,8229.0,1272.0,0.68,0.6837,3.825,0.68,1670.7,446.08,70.65,110.88,4000002.9718,0.708,120.9,71.15,920.8,0.275,34.1,9471.0,4000000.544,0.477,1501.0,7.921,49.0,1.216,4000000.544,2.35,0.68,34.8125,4000005.5831999993,41.3,1766.29,7103.28878,142.006,3.362,446.08,0.68,0.293,1.0,0.68,5.7,271.0,25.7,10.895,1.0,11.168,1187.25,0.68,7.728,14334.69258,24.54,7.921,63.8,0.68,0.81,1.78,1.303,18.8,446.08,118.7,5.517,0.384,61.14,4000000.8,1.0,2.672,4695.0,3.0,42.3,2.456,0.68,174.51,3.629,1.0,23576.0,2.38,40.83,546.53,13261.4629,3.75,446.08,73.5538,7.983,2976.0,1.446,22.604,0.68,0.68,175.6559,6.944,7.921,4000002.2008000007,24.45,0.68,144.72,110.45,2.7,2.0,2.8,7.921,6.372,1.01,48.1,32.254,3.47,4000003.8748,1162.0,33.862,4000000.8,446.08,1.825,6.26,1.222,1345000.0,1.178,19800.0,2.6412,1730.05,5.035,3.655,0.486,21.85,1294.0,93.4,2.15,16035.0,2.331,199.0,57.44,3745.0,4000004.8706,20000000.0
2008-01-01,49.3,82.45,65.85,75.0,2.7,3.155,306.0,1.067,0.659,20.7706,5688.4,0.86,1.0,0.376,68.0,2.02,2148.0,582000001.4554001,0.659,34.8125,2.0,429.0,1.0,7.49,1.289,6.448,1.669,1.393,1.289,429.0,450.0,1135.0,4000.0,429.0,0.98,71.966,582000004.5561999,429.0,429.0,455.1,7.112,1838.7,361.35,429.0,541.0,493.21,429.0,4.8,0.926,582000000.5272,0.398,16.237,4.912,177.0,33.54,1.0,9427.08678,5.475,1.0,429.0,15.0,582000000.5272,10.313,9.33,0.659,1.477,0.659,5.1725,0.659,5.7,429.0,22.0,1.55,0.659,1.6869,0.971,0.659,279.4,2.7,7.694,4412.0,429.0,200.3,37.25,18.95,7.782,155.22,78.68,39.7,9000.0,8229.0,1272.0,0.659,0.6837,3.234,0.659,1670.7,429.0,71.55,104.15,582000002.8574001,0.708,120.9,67.9,1033.5,0.272,36.4,8943.0,582000000.5272,0.459,1501.0,7.715,49.0,1.218,582000000.5272,2.276,0.659,34.8125,582000005.6015999,39.6,1615.62,6904.28678,142.006,3.192,429.0,582000000.5272,0.294,1.0,0.659,5.7,261.0,27.2,10.689,1.0,11.098,1187.25,0.659,7.56,9427.08678,24.23,7.715,63.55,0.659,0.81,1.78,1.243,19.05,429.0,117.02,5.202,0.385,62.58,582000000.8,1.0,2.675,4030.0,2.89,40.35,2.328,0.659,174.51,3.631,1.0,11072.69258,2.46,40.58,546.53,13261.4629,3.75,429.0,71.6732,7.981,2967.0,1.393,21.43,582000000.5272,0.659,175.6559,7.057,7.715,582000002.1882001,24.024,0.659,144.72,107.82,2.7,2.006,2.8,7.715,6.182,1.046,47.55,30.91,3.46,582000003.766,1160.0,31.93,582000000.8,429.0,1.757,6.26,1.191,433.0245,1.201,14215.0,2.5788,1690.51,5.051,3.672,0.505,20.85,1307.0,89.1,2.15,15930.0,2.296,199.0,54.97,3230.0,582000004.7832,2910000000.0
2008-05-01,46.13,86.95,65.85,75.0,2.7,3.107,307.0,1.233,0.644,20.8384,5713.0,0.85,1.0,0.377,68.0,2.02,2135.0,1662000001.4894,0.644,23.4664,2.0,465.0,1.0,7.21,1.387,6.382,1.637,1.367,1.387,465.0,450.0,1160.0,4000.0,465.0,0.99,70.003,1662000004.1664202,465.0,465.0,530.2,6.94,2075.0,361.35,421.0,541.0,516.42,465.0,4.64,0.926,1662000000.5152,0.3992,15.809,5.286,177.0,33.9,1.0,9489.92338,5.335,1.0,465.0,15.0,1662000000.5152,11.092,9.57,0.709,1.647,0.644,4.440600000000001,0.644,5.6364,465.0,21.0,1.46,0.644,1.3376,1.154,0.644,221.504,2.7,7.42,4491.0,465.0,200.3,38.25,18.95,7.805,155.22,90.58,42.4,9280.0,8229.0,1272.0,0.644,0.6567999999999999,3.614,0.644,1407.468,465.0,71.1,105.52,1662000002.9354002,0.708,120.5,70.57,1028.5,0.265,36.4,8662.0,1662000000.5152,0.5,1501.0,7.568,49.0,1.189,1662000000.5152,2.448,0.644,32.2366,1662000005.5406,42.9,1614.84,6958.32338,142.006,3.238,465.0,1662000000.5152,0.2949,1.0,0.644,5.2988,246.0,27.55,10.336,1.0,10.15,1187.25,0.644,7.402,9489.92338,24.08,7.568,68.4,0.644,0.7416,1.78,1.515,19.25,465.0,117.8,5.752,0.385,76.13,1662000000.8,1.0,2.585,4020.0,2.84,43.74,2.171,0.644,116.882,3.64,1.0,11135.49258,2.334,41.484,543.85,13261.4629,3.75,465.0,73.8526,7.964,2950.0,1.366,19.494,1662000000.5152,0.644,26.584000000000003,7.143,7.568,1662000002.1678002,23.729,0.644,95.4826,107.85,2.7,2.032,2.8,7.568,6.745,1.048,45.7,30.399,3.42,1662000003.7796,1191.0,32.49,1662000000.8,465.0,1.736,6.122,1.175,324.0434,1.21,14215.0,2.5718,1621.0,4.784,3.673,0.565,19.65,1318.0,94.44,2.15,16245.0,2.541,199.0,53.09,3380.0,1662000004.995,8310000000.0
2008-09-01,46.78,95.29,65.85,75.0,2.7,3.432,302.0,1.499,0.681,22.474,4158.84648,0.82,1.0,0.377,68.0,2.02,2111.0,1662000001.5184,0.681,26.0572,2.0,509.0,1.0,6.97,1.517,7.936,2.383,1.418,1.517,509.0,450.0,1170.0,4111.0,509.0,1.24,82.11,1662000004.98946,509.0,509.0,643.2,6.837,2250.98,361.35,446.02,541.0,553.45,509.0,5.4,0.926,1662000000.5447998,0.4235,18.866,5.781,177.0,34.79,1.0,10102.97316,5.368,1.0,509.0,15.0,1662000000.5447998,12.14,9.67,0.776,1.792,0.681,5.307,0.681,6.4428,509.0,27.0,1.65,0.681,1.5252,1.15,0.681,231.34,2.7,7.43,4615.0,509.0,200.3,38.95,18.95,7.807,195.4,114.66,48.45,10800.0,8229.0,1177.0,0.681,0.6864000000000001,3.576,0.681,1567.372,509.0,72.25,90.75,1662000002.9276,0.708,119.8,77.41,1360.9,0.267,39.3,8657.0,1662000000.5448,0.55,1500.0,10.154,49.0,1.226,1662000000.5448,2.678,0.681,35.37,1662000005.5496,47.2,1818.96,7669.37316,142.006,3.377,509.0,1662000000.5447998,0.3128,1.0,0.681,7.7724,260.0,32.5,13.281,1.0,9.64,1187.25,0.681,8.564,10102.97316,23.86,10.154,77.45,0.681,0.7578,1.78,1.808,19.49,509.0,134.0,6.897,0.385,75.38,1662000000.8,1.0,2.491,4830.0,2.96,45.71,2.91,0.681,119.488,3.639,1.0,11748.54316,2.877,43.58800000000001,543.85,14486.7158,3.75,509.0,83.484,16.0,2940.0,1.42,23.53,1662000000.5447998,0.681,23.6116,7.143,10.154,1662000002.8520002,27.643,0.681,100.51,107.72,2.7,2.086,2.8,10.154,8.028,1.1,46.2,31.53,3.42,1662000004.0208,1299.0,34.04,1662000000.8,509.0,2.164,6.2,1.381,365.0604,1.558,3733.2324,2.7896,1980.0,7.6,3.673,0.654,24.25,1332.0,114.6,2.15,16570.0,2.865,199.0,64.97,5180.0,1662000005.4872,8310000000.0
2008-12-01,47.01,101.33,69.874,75.0,2.7,3.453,365.0,1.561,0.731,22.5,6355.4,0.82,1.0,0.377,68.0,2.02,2657.0,1200000001.5038,0.731,26.6274,2.0,479.5,1.0,6.94,1.43,7.547,2.231,1.472,1.43,479.5,450.0,1200.0,4077.0,479.5,1.191,79.856,1200000004.5938,479.5,479.5,630.5,6.833,2462.9,361.35,479.5,725.0,557.7,479.5,5.2,0.926,1200000000.5848,0.398,21.636,5.448,177.0,35.32,1.0,10727.4058,5.47,1.0,479.5,15.0,1200000000.5848,11.44,10.45,0.731,1.719,0.731,5.3696,0.731,6.2614,479.5,27.0,1.67,0.731,1.5518,1.276,0.731,177.7102,2.7,7.81,4536.0,479.5,200.34,39.25,18.9,7.751,228.48,123.17,48.2,11900.0,8229.0,1140.0,0.731,0.7263999999999999,3.878,0.731,1590.1219999999998,479.5,80.5,92.65,1200000002.9884,0.708,150.5,78.15,1478.2,0.282,39.4,8468.0,1200000000.5848,0.516,1500.0,9.466,49.0,1.286,1200000000.5848,2.523,0.731,35.386199999999995,1200000005.7566,48.2,1897.41,8170.405799999999,142.006,3.498,479.5,1200000000.5848,0.294,1.0,0.731,7.802200000000001,260.0,31.75,15.002,1.0,10.33,1573.9,0.731,8.383,10727.4058,25.24,9.466,77.65,0.731,0.7878000000000001,1.78,1.908,19.84,479.5,138.9,6.872,0.385,77.7,1200000000.8,1.0,2.545,4880.0,3.14,46.34,3.465,0.731,105.8762,3.641,1.0,12372.9506,3.313,44.040000000000006,558.4,15841.753,3.75,479.5,82.806,15.836,3000.0,1.471,21.546,1200000000.5848,0.731,0.731,7.752,9.466,1200000002.8983998,34.785,0.731,106.5672,113.73,2.7,2.172,2.8,9.466,8.594,1.098,46.5,32.965,3.48,1200000003.9306,1334.0,34.82,1200000000.8,479.5,2.048,6.24,1.332,380.889,1.705,14215.0,2.843,1935.0,8.0,3.673,0.657,24.25,1399.0,108.5,2.15,17426.0,2.761,199.0,67.22,5605.0,1200000005.7375998,6000000000.0
2009-01-01,47.3,102.4,72.0,75.0,2.7,3.556,370.0,1.236,0.789,22.2952,3835.62,0.82,1.0,0.377,68.0,2.02,2855.0,1200000001.5792,0.789,27.1714,2.0,515.0,1.0,7.0,1.386,6.901,1.948,1.544,1.386,515.0,450.0,1200.0,4077.0,515.0,1.122,85.278,1200000004.7825997,515.0,515.0,596.05,6.84,2017.1,361.35,515.0,810.0,557.5,515.0,5.09,0.926,1200000000.6311996,0.6786000000000001,18.671,5.278,177.0,35.52,1.0,10595.03424,5.564,1.0,515.0,15.0,1200000000.6311996,11.086,11.05,0.709,2.096,0.789,5.3762,0.789,6.0588,515.0,26.0,1.67,0.789,1.4682,1.386,0.789,171.88979999999998,2.7,8.005,4640.0,515.0,200.34,39.75,18.9,7.754,198.32,126.99,50.35,10000.0,8229.0,1155.05,0.789,0.7728,4.157,0.789,1611.788,515.0,87.15,97.44,1200000003.0442,0.708,150.3,79.65,1248.9,0.292,41.0,8525.0,1200000000.6311998,0.497,1500.0,8.034,49.0,1.313,1200000000.6311998,2.446,0.789,36.7892,1200000005.7138,47.4,1929.99,8066.23424,142.006,3.703,515.0,1200000000.6311996,0.5315999999999999,1.0,0.789,7.3264,260.0,34.0,13.385,1.0,10.67,1471.9301,0.789,8.719,10595.03424,26.71,8.034,79.65,0.789,0.8226000000000001,1.78,1.566,19.97,515.0,147.05,6.985,0.385,79.95,1200000000.8,1.0,2.628,5080.0,3.24,48.78,3.198,0.789,105.7158,3.641,1.0,12240.55704,3.0,44.846,565.57,17020.7852,3.75,515.0,83.9256,13.424,3044.0,1.545,21.546,1200000000.6311996,0.789,0.789,7.246,8.034,1200000002.9797995,30.999,0.789,107.6936,114.25,2.7,2.255,2.8,8.034,7.697,1.172,47.25,34.93,4.4,1200000003.8926,1318.0,36.12,1200000000.8,515.0,2.155,6.04,1.445,387.3564,1.69,6469.2,2.843,2225.0,8.4,3.673,0.61,23.2,1420.0,103.05,2.15,17428.0,2.861,200.0,73.68,4960.0,1200000005.4984,6000000000.0
2009-05-01,49.52,93.15,71.552,75.0,2.7,3.792,360.0,1.232,0.71,22.6512,4006.44,0.82,1.0,0.377,68.0,2.02,2883.0,1200000001.5636,0.71,26.2584,2.0,465.01,1.0,6.97,1.389,6.707,1.946,1.447,1.389,465.01,450.0,1200.0,4154.0,465.01,1.157,77.601,1200000004.7352,465.01,465.01,528.6,6.83,2143.2,361.35,465.01,789.0,573.7,465.0100000000001,5.08,0.926,1200000000.568,0.6462,18.106,5.286,177.0,35.92,1.0,10373.55152,5.591,1.0,465.01,15.0,1200000000.568,11.106,12.52,0.71,2.018,0.71,5.3272,0.71,5.9352,465.01,27.0,1.65,0.71,1.4184,1.491,0.71,172.818,2.7,8.133,4697.0,465.01,200.34,40.75,18.9,7.75,193.04,127.25,47.65,10150.0,8229.0,1155.0,0.71,0.7096,3.906,0.71,1583.2,465.01,88.3,96.32,1200000002.9938002,0.708,150.4,76.25,1280.5,0.287,43.0,8503.0,1200000000.568,0.498,1500.0,7.708,49.0,1.248,1200000000.568,2.446,0.71,35.8272,1200000005.793,43.2,1935.5,7758.751520000001,142.006,3.513,465.01,1200000000.568,0.515,1.0,0.71,6.9226,270.0,32.0,13.138,1.0,11.21,1430.8101,0.71,8.039,10373.55152,26.72,7.708,76.75,0.71,0.7752,1.78,1.534,20.33,465.01,147.7,6.423,0.385,81.35,1200000000.8,1.0,2.506,4960.0,3.0,48.11,2.849,0.71,105.496,3.64,1.0,12019.05332,2.984,44.916,567.51,15453.2666,3.75,465.01,81.04060000000001,11.65,3625.0,1.447,21.546,1200000000.568,0.71,0.71,7.491,7.708,1200000003.0672002,31.102,0.71,104.1042,114.82,2.7,2.359,2.8,7.708,7.702,1.083,46.85,32.92,4.42,1200000003.911,1300.0,34.02,1200000000.8,465.01,1.982,6.18,1.345,388.3948,1.532,6528.6,2.843,2045.0,8.6,3.673,0.605,23.07,1496.0,103.05,2.15,17760.0,2.65,200.0,66.25,5150.0,1200000005.4414,6000000000.0
2009-09-01,48.93,91.95,72.14,75.0,2.7,3.853,375.0,1.184,0.697,22.6436,3894.7,0.82,1.0,0.377,68.0,2.02,2840.0,1.9356,0.697,26.1492,2.0,456.95,1.0,6.97,1.362,6.579,1.87,1.441,1.362,456.95,450.0,1200.0,4154.0,456.95,1.097,76.173,4.8668,456.95,456.95,553.1,6.83,1836.5,361.35,456.95,823.0,583.7,456.95,5.0,0.926,0.697,0.6407999999999999,17.43,5.184,177.0,35.92,1.0,10390.10332,5.525,1.0,456.95,15.0,0.697,10.898,12.5,0.697,1.964,0.697,5.252599999999999,0.697,5.790000000000001,456.95,27.0,1.69,0.697,1.3828,1.459,0.697,172.8954,2.7,8.235,4740.0,456.95,200.34,40.75,18.9,7.75,189.44,124.69,48.6,9975.0,8229.0,1150.0,0.697,0.6991999999999999,3.791,0.697,1572.848,456.95,88.3,92.79,3.5584,0.708,150.8,76.05,1248.0,0.287,43.9,8502.0,0.697,0.489,1500.0,7.78,49.0,1.232,0.697,2.404,0.697,36.1932,7.218999999999999,42.5,1926.24,7756.503320000001,142.006,3.52,456.95,0.697,0.5122,1.0,0.697,6.654999999999999,270.0,31.4,13.325,1.0,11.172,1441.78,0.697,7.904,10390.10332,27.46,7.78,77.6,0.697,0.7674000000000001,1.78,1.459,20.5,456.95,154.05,6.007,0.385,82.85,1.0,1.0,2.539,4920.0,2.94,48.78,2.851,0.697,104.19740000000002,3.638,1.0,12035.61152,2.94,44.972,567.51,15657.0576,3.75,456.95,80.3326,10.685,3938.0,1.441,21.546,0.697,0.697,0.697,7.474,7.78,5.7082,31.77,0.697,102.2826,114.7,2.7,2.451,2.8,7.78,7.111,1.057,45.95,32.91,4.43,5.129,1311.0,34.01,1.0,456.95,1.914,6.18,1.316,386.5216,1.499,6380.6,2.843,2040.0,8.47,3.673,0.613,20.13,1507.0,99.7,2.15,17815.0,2.566,204.0,65.15,4625.0,6.8042,8690.11952
2009-12-01,47.92,95.43,70.333,75.0,2.7,3.798,375.0,1.111,0.695,22.741,3885.9,0.82,1.0,0.377,68.0,2.02,2880.0,1.9202,0.695,25.979,2.0,454.89,1.0,6.97,1.359,6.653,1.74,1.401,1.358,454.89,450.0,1200.0,4163.0,454.89,1.051,74.727,4.8652,454.89,454.89,507.0,6.826,2046.5,361.35,454.89,900.0,553.7,454.89,5.0,0.926,0.695,0.6411999999999999,18.119,5.167,177.0,36.1,1.0,10567.1288,5.484,1.0,454.89,15.0,0.695,10.865,12.64,0.695,1.925,0.695,5.177200000000001,0.695,5.7828,454.89,27.0,1.69,0.695,1.3636,1.429,0.695,247.954,2.7,8.332,4924.0,454.89,201.0,40.75,18.9,7.754,187.77,124.45,46.4,9350.0,8229.0,1150.0,0.695,0.6975999999999999,3.78,0.695,1532.658,454.89,89.3,92.39,3.5574,0.708,148.4,75.85,1163.65,0.286,44.0,8476.0,0.695,0.492,1500.0,7.369,49.0,1.234,0.695,2.398,0.695,35.4392,7.208799999999999,42.3,1954.64,7753.9288,146.0,3.422,454.89,0.695,0.5129999999999999,1.0,0.695,6.6262,270.0,29.0,13.099,1.0,12.185,1435.88,0.695,7.903,10567.1288,29.28,7.369,74.4,0.695,0.7662,1.78,1.374,20.84,454.89,149.45,5.764,0.385,84.2,0.9852,1.0,2.523,4650.0,2.89,46.45,2.85,0.695,121.862,3.642,1.0,12212.643,2.942,44.284000000000006,569.47,16539.215,3.75,454.89,78.28,10.918,3930.0,1.401,21.546,0.695,0.695,25.5044,7.358,7.369,5.5634,30.311,0.695,101.4074,114.35,2.7,2.314,2.8,7.369,7.116,1.031,45.5,31.95,4.38,5.1274,1335.0,33.3,0.9852,454.89,1.876,6.33,1.318,392.2008,1.493,6206.4,2.843,1895.0,8.03,3.673,0.616,19.45,1525.0,96.09,2.15,18469.0,2.519,206.0,66.73,4640.0,6.725,10567.4116
2010-01-01,47.8,102.45,71.583,90.0,2.7,3.875,395.0,1.091,0.74,23.196,3876.4,0.82,1.0,0.377,68.0,2.02,2990.0,1.7401999999999995,0.74,28.1518,2.0,533.82,1.0,6.97,1.593,6.757,1.786,1.4,1.594,533.82,450.0,1200.0,4169.0,533.82,1.017,90.327,4.9442,533.82,533.82,515.0,6.826,1924.0,361.35,485.01,920.0,518.51,533.82,5.82,0.926,0.783,0.6762,18.683,6.111,177.0,36.28,1.0,11351.9136,5.504,1.0,533.82,15.0,0.783,12.75,13.4,0.815,1.901,0.74,5.1702,0.74,6.1812000000000005,533.82,27.0,1.75,0.74,1.478,1.42,0.74,184.378,2.7,7.986,5648.0,533.82,201.0,38.5,18.9,7.764,228.15,127.74,44.95,9025.0,8229.0,1165.05,0.74,0.7246,3.696,0.74,1596.142,533.82,89.3,92.89,3.1518,0.708,147.1,77.25,1131.2,0.289,45.2,8450.0,0.783,0.577,1500.0,7.317,49.0,1.269,0.783,2.813,0.74,35.1492,5.973999999999999,50.1,2109.46,8431.7136,151.0,3.261,533.82,0.783,0.5478,1.0,0.74,6.635599999999999,270.0,33.3,12.364,1.0,12.352,1370.4301,0.74,8.334,11351.9136,35.5,7.317,71.95,0.74,0.7842,1.78,1.413,21.05,533.82,149.9,5.938,0.384,83.9,0.9852,1.0,2.538,4700.0,2.84,45.16,3.317,0.74,102.638,3.64,1.0,12997.4296,3.453,45.352,573.02,20203.148,3.75,533.82,81.314,11.0,3909.0,1.398,21.546,0.783,0.695,0.74,7.616,7.317,3.248,29.438,0.74,105.6454,114.0,2.7,2.314,2.8,7.317,7.214,1.166,45.85,31.73,4.37,4.4142,1356.0,32.32,0.9852,533.82,1.826,6.28,1.401,423.2886,1.521,6160.6,2.843,2075.0,7.975,3.673,0.661,19.45,1563.0,95.46,2.6,19080.0,2.519,222.0,84.56,4680.0,5.4544,1.0
2010-05-01,46.63,110.83,73.067,90.0,2.7,3.929,365.0,1.169,0.814,23.7376,3973.26,0.82,1.0,0.377,69.0,2.02,3017.0,1.7483999999999995,0.814,27.8426,2.0,532.0,1.0,6.97,1.592,7.042,1.812,1.398,1.591,532.0,450.0,1200.0,4169.0,532.0,1.047,88.087,4.9976,532.0,532.0,545.0,6.782,1917.3,361.35,533.82,900.0,517.0,532.0,5.81,0.926,0.8511999999999998,0.7154,18.6,6.061,177.0,36.71,1.0,11233.5896,5.694,1.0,532.0,15.0,0.8512000000000001,12.728,16.36,0.814,1.942,0.814,5.2616,0.814,6.3348,532.0,29.0,1.84,0.814,1.5006,1.41,0.814,187.6988,2.7,8.031,5949.0,532.0,201.0,38.5,18.9,7.786,231.68,127.28,46.3,9000.0,8229.0,1165.0,0.814,0.7928,3.869,0.814,1633.706,532.0,85.9,88.66,3.1864,0.708,147.5,81.85,1221.6,0.291,46.2,8237.0,0.8512000000000001,0.576,1500.0,7.625,49.0,1.303,0.8512000000000001,2.81,0.814,35.7406,5.9948,50.1,2008.93,8379.9896,151.0,3.225,532.0,0.8511999999999998,0.5632,1.0,0.814,6.9744,280.0,32.0,12.806,1.0,12.83,1383.33,0.814,8.96,11233.5896,34.8,7.625,74.05,0.814,0.8375999999999999,1.78,1.439,21.35,532.0,150.23,6.461,0.384,85.42,0.9852,1.0,2.646,4740.0,2.82,46.5,3.357,0.814,102.75479999999996,3.641,1.0,12879.1076,3.55,45.586,582.51,19929.538,3.75,532.0,83.3708,12.236,3910.0,1.394,21.546,0.8511999999999998,0.814,0.814,7.463,7.625,3.258,31.168,0.814,106.9754,113.5,2.7,2.351,2.8,7.625,7.734,1.08,46.85,32.267,4.38,4.400799999999999,1460.0,32.39,0.9852,532.0,1.843,6.3,1.512,403.235,1.578,6253.6,2.843,2273.0,7.975,3.672,0.665,20.85,1608.0,99.8,2.6,19000.0,2.417,225.0,85.48,5130.0,5.6704,1.0
2010-09-01,45.13,107.83,75.29,90.0,2.7,3.941,370.0,1.008,0.789,23.7332,3930.84,0.82,1.0,0.377,69.0,2.02,3015.0,1.7445999999999997,0.789,23.9604,2.0,516.53,1.0,6.97,1.542,6.897,1.76,1.356,1.542,516.53,450.0,1200.0,4239.0,516.53,1.062,85.645,0.82,516.53,516.53,500.25,6.807,1826.2,361.35,516.53,900.0,503.7,516.53,5.65,0.926,0.8312000000000002,0.789,19.228,5.871,177.0,36.9,1.0,11178.92586,5.705,1.0,516.53,15.0,0.8312000000000002,12.336,16.51,0.789,1.923,0.789,5.2048000000000005,0.789,6.208800000000001,516.53,29.0,1.84,0.789,1.4644,1.432,0.789,184.5178,2.7,8.02,6007.0,516.53,201.0,38.5,18.9,7.78,226.8,120.71,46.75,8950.0,8229.0,1166.2,0.789,0.7727999999999999,3.814,0.789,1627.01398,516.53,86.4,84.39,3.1754,0.708,147.2,80.85,1199.05,0.288,46.2,8171.0,0.8312000000000002,0.559,1500.0,7.365,49.0,1.276,0.8312000000000002,2.722,0.789,31.410799999999995,6.0162,48.0,2006.8199,8236.52586,151.0,3.146,516.53,0.8312000000000002,0.789,1.0,0.789,6.9336,280.0,30.35,13.207,1.0,12.1,1299.6899,0.789,8.712,11178.92586,37.4,7.365,74.7,0.789,0.8226000000000001,1.78,1.433,21.53,516.53,151.3,6.326,0.385,85.4,1.0,1.0,2.525,4730.0,2.8,45.31,3.161,0.789,101.3238,3.64,1.0,12824.43946,3.352,44.628,590.37,19272.1973,3.75,516.53,82.745,12.317,3929.0,1.356,0.789,0.8312000000000002,0.789,0.789,7.576,7.365,3.2223999999999995,30.842,0.789,104.46099999999998,112.7,2.7,2.367,2.8,7.365,7.404,1.019,46.85,32.035,4.38,4.339,1518.0,31.28,1.0,516.53,1.841,6.3,1.492,402.75318,1.529,6215.6,2.843,2263.0,7.89,3.673,0.65,20.75,1626.0,97.24,2.6,19500.0,2.401,214.0,0.789,4930.0,5.602200000000001,1.0
2010-12-01,44.5,106.36,73.15,90.0,2.7,3.98,360.0,1.04,0.77,23.547999999999995,3986.0,0.82,1.0,0.38,69.0,2.02,3010.0,1.7239999999999998,0.77,23.1878,2.0,503.3,1.0,6.96,1.5,6.75,1.72,1.32,1.5,503.3,450.0,1243.0,4239.0,503.3,1.02,81.67,0.82,503.3,503.3,486.7,6.67,1920.0,361.35,503.3,900.0,501.95,503.3,5.59,0.93,0.77,0.789,18.64,5.72,177.0,37.05,1.0,10991.71382,5.79,1.0,503.3,15.0,0.8160000000000001,12.0,16.49,0.77,1.82,0.77,5.148000000000001,0.77,6.116,503.3,28.0,1.76,0.77,1.42,1.45,0.77,184.4258,2.7,8.0,6078.0,503.3,201.0,38.5,18.9,7.77,217.12,117.07,45.7,8900.0,8229.0,1166.5,0.77,0.758,3.68,0.77,1630.052,503.3,85.8,83.83,3.148,0.71,147.5,80.9,1160.15,0.28,46.8,8031.0,0.8160000000000001,0.54,1500.0,7.07,49.0,1.25,0.8160000000000001,2.65,0.77,30.7938,5.992,45.8,2010.61,8071.31382,151.0,3.17,503.3,0.77,0.789,1.0,0.77,6.8340000000000005,290.0,30.3,12.5,1.0,12.17,1262.45,0.77,8.5,10991.71382,35.71,7.07,72.95,0.77,0.8119999999999999,1.78,1.34,21.79,503.3,150.6,6.2,0.39,85.7,0.986,1.0,2.48,4700.0,2.83,44.1,3.11,0.77,100.1858,3.64,1.0,12637.22382,3.29,43.94,592.02,18526.1191,3.75,503.3,80.25200000000001,12.1,4146.0,1.32,0.789,0.77,0.77,0.009,7.4,7.07,3.212,31.4,0.77,102.39,111.35,2.7,2.608,3.35,7.07,7.04,1.0,46.45,30.5,4.4,4.3176000000000005,1483.0,30.18,0.986,503.3,1.77,6.32,1.45,403.486,1.51,6198.6,2.84,2313.0,7.89,3.67,0.64,19.9,1645.0,92.59,4.3,19500.0,2.23,214.0,76.27,4925.0,5.486,1.0
2011-01-01,44.5,100.7,72.5,90.0,2.7,4.03,365.0,0.98,0.72,23.78,3892.8,0.8,1.0,0.38,71.0,2.02,3052.0,1.72,0.72,21.8938,2.0,474.3,1.0,6.96,1.41,6.63,1.66,1.27,1.41,474.3,450.0,1243.0,4046.0,474.3,0.98,80.0,0.82,474.3,474.3,475.2,6.57,1905.0,361.35,474.3,920.0,495.7,474.3,5.33,0.93,0.72,0.789,17.39,5.39,177.0,37.74,1.0,11110.57818,5.89,1.0,474.3,15.0,0.776,11.7,16.65,0.72,1.8,0.72,5.13,0.72,5.848,474.3,28.5,1.76,0.72,1.396,1.51,0.72,180.2218,2.7,7.77,6286.0,474.3,201.0,38.5,18.9,7.79,196.1,115.86,44.95,8775.0,8229.0,1170.0,0.72,0.718,3.62,0.72,1631.08798,474.3,85.8,81.87,3.136,0.71,146.0,82.3,1126.0,0.28,47.2,8033.0,0.776,0.51,1500.0,6.96,49.0,1.23,0.776,2.5,0.72,30.6538,5.94,44.0,2005.4399,7875.778179999999,151.0,3.05,474.3,0.72,0.789,1.0,0.72,6.802,290.0,28.9,12.12,1.0,11.9,1255.24,0.72,8.17,11110.57818,32.65,6.96,72.2,0.72,0.778,1.78,1.33,22.06,474.3,153.02,5.59,0.39,85.67,0.986,1.0,2.52,4530.0,2.78,43.58,2.86,0.72,99.3278,3.64,1.0,12756.07618,3.05,43.556,599.3,17843.3809,3.75,474.3,79.752,12.03,4243.0,1.27,0.789,0.72,0.72,0.009,7.25,6.96,3.204,28.86,0.72,100.066,110.75,2.7,2.69,3.35,6.96,6.35,0.93,46.35,29.74,4.41,4.196,1516.0,30.59,0.986,474.3,1.76,6.3,1.4,402.40798000000007,1.6,6064.0,2.84,2354.0,7.98,3.67,0.62,19.35,1676.0,91.76,2.6,20900.0,2.25,214.0,72.21,4740.0,5.215999999999999,1.0
2011-05-01,46.0,97.5,71.51,95.0,2.7,4.1,370.0,0.93,0.69,23.994,3791.1,0.8,1.0,0.38,73.0,2.02,2820.0,1.7099999999999995,0.69,20.6438,2.0,453.48,1.0,6.96,1.35,6.54,1.57,1.23,1.35,453.48,450.0,1255.0,4046.0,453.48,0.97,75.61,0.82,453.48,453.48,469.5,6.46,1778.5,361.35,453.48,920.0,501.7,453.48,5.14,1.0,0.69,0.789,16.38,5.16,177.0,37.95,1.0,10656.35396,5.97,1.0,453.48,15.0,0.752,11.7,16.91,0.69,1.75,0.69,5.07,0.69,5.712,453.48,29.0,1.67,0.69,1.334,1.51,0.69,178.7578,2.7,7.74,6770.0,453.48,202.0,38.5,18.9,7.78,183.78,114.43,44.45,8525.0,8229.0,1170.0,0.69,0.694,3.41,0.69,1648.848,453.48,86.1,80.4,3.0940000000000003,0.71,146.3,89.1,1067.5,0.28,45.1,8007.0,0.752,0.49,1500.0,6.8,49.0,1.14,0.752,2.39,0.69,29.9618,5.912000000000001,42.0,1946.74,7590.75396,151.0,3.02,453.48,0.69,0.789,1.0,0.69,6.742,290.0,27.85,11.74,1.0,11.57,1264.64,0.69,7.87,10656.35396,29.4,6.8,71.3,0.69,0.7739999999999999,1.78,1.21,22.42,453.48,152.0,5.37,0.39,85.95,1.0,1.0,2.15,3950.0,2.75,43.33,2.76,0.69,98.2958,3.64,1.0,12301.85196,2.93,42.986,602.15,17248.2598,3.75,453.48,79.058,12.03,4351.0,1.23,0.789,0.69,0.69,0.009,7.07,6.8,3.192,27.91,0.69,97.516,109.45,2.7,2.9,3.35,6.8,6.34,0.84,47.0,28.8,4.64,4.132,1612.0,30.67,1.0,453.48,1.63,6.35,1.36,390.624,1.62,5916.0,2.84,2560.0,7.98,3.67,0.62,18.3,1725.0,87.77,2.6,19500.0,2.16,218.0,69.86,4830.0,5.15,1.0
2011-09-01,47.0,103.92,73.675,95.0,2.7,4.2,370.0,1.029,0.74,24.299,3861.28,0.8,1.0,0.377,74.0,2.02,9200.0,1.7238,0.74,20.9672,2.0,485.39,1.0,6.96,1.447,7.369,1.839,1.298,1.447,485.39,450.0,1255.0,4103.0,485.39,1.044,80.891,0.82,485.39,485.39,513.9,6.378,1917.4,361.35,485.39,920.0,507.7,485.39,5.38,1.0,0.74,0.789,17.787,5.506,177.0,38.14,1.0,11109.192400000002,5.964,1.0,485.39,15.0,0.792,11.697,17.08,0.74,1.819,0.74,5.3008,0.74,6.0878,485.39,30.0,1.66,0.74,1.44,1.586,0.74,184.8998,2.7,7.858,6682.0,485.39,200.0,38.5,18.958,7.79,216.49,117.85,48.6,8700.0,8229.0,1170.0,0.74,0.7336,3.733,0.74,1750.158,485.39,86.1,76.84,3.1594,0.708,147.9,99.6,1180.9,0.275,45.0,8001.0,0.792,0.524,1500.0,8.067,49.0,1.142,0.792,2.555,0.74,31.1778,5.916200000000001,44.3,2059.89,7802.7924,168.0,3.19,485.39,0.74,0.789,1.0,0.74,7.0184,290.0,28.4,13.764,1.0,11.75,1261.9,0.74,8.23,11109.192400000002,27.4,8.067,78.05,0.74,0.804,1.78,1.308,22.7,485.39,160.45,5.834,0.384,87.36,1.0,1.0,2.118,4040.0,2.77,43.72,3.269,0.74,98.7518,3.641,1.0,12754.6752,3.226,43.704,599.75,18043.376,3.75,485.39,84.8452,12.261,4466.0,1.298,0.789,0.74,0.74,0.009,6.969,8.067,3.2516,32.148,0.74,100.3122,110.18,2.7,2.9,3.35,8.067,6.849,0.901,48.6,30.46,4.761,4.2328,1650.0,31.04,1.0,485.39,1.642,6.35,1.431,413.3707999999999,1.856,5970.4,2.843,2840.0,7.979,3.673,0.641,19.75,1758.0,92.01,4.3,20800.0,2.234,218.0,74.68,4780.0,5.3232,1.0
2011-12-01,48.2,105.37,75.036,95.0,2.7,4.288,380.0,0.984,0.765,24.401000000000003,3977.5,0.8,1.0,0.377,79.0,2.02,8300.0,1.717,0.765,21.2946,2.0,501.73,1.0,6.86,1.496,7.485,1.85,1.292,1.496,501.73,450.0,1300.0,4103.0,501.73,1.018,82.552,0.82,501.73,501.73,519.45,6.336,1923.5,361.35,501.73,900.0,501.2,501.73,5.65,1.0,0.765,0.789,19.261,5.686,177.0,38.37,1.0,11370.645,6.016,1.0,501.73,15.0,0.812,11.697,17.21,0.765,1.785,0.765,5.3406,0.765,6.2256,501.73,30.0,1.66,0.765,1.4617999999999998,1.637,0.765,188.8738,2.7,7.824,7118.0,501.73,202.0,38.5,18.958,7.776,234.36,122.27,52.25,9060.0,8229.0,1170.0,0.765,0.7535999999999999,3.773,0.765,1689.458,501.73,86.1,78.0,3.1672,0.708,148.0,83.55,1150.15,0.278,46.5,8001.0,0.812,0.532,1500.0,8.142,49.0,1.142,0.812,2.641,0.765,32.2204,5.9026,46.4,2162.14,8088.245000000001,168.0,3.155,501.73,0.765,0.789,1.0,0.765,7.277200000000001,290.0,29.2,13.785,1.0,11.682,1377.5,0.765,8.484,11370.645,26.95,8.142,84.05,0.765,0.8190000000000002,1.78,1.291,22.98,501.73,163.65,5.937,0.385,89.16,1.0,1.0,2.062,4360.0,2.69,43.47,3.388,0.765,99.0218,3.64,1.0,13016.1176,3.28,44.614,601.15,18790.588,3.75,501.73,83.4576,13.356,4381.0,1.292,0.789,0.765,0.765,0.009,6.897,8.142,3.2966,31.171,0.765,101.2044,113.85,2.7,2.9,3.35,8.142,6.849,0.935,55.0,30.273,4.758,4.314400000000001,1585.0,31.29,1.0,501.73,1.617,6.37,1.485,433.84219999999993,1.884,6174.4,2.843,2465.0,8.022,3.673,0.637,19.8,1802.0,92.1,4.3,21000.0,2.244,218.0,78.85,5120.0,5.339799999999999,1.0
2012-01-01,48.7,104.9,73.502,95.0,2.7,4.372,385.0,0.96,0.749,24.6094,3959.4,0.8,1.0,0.377,81.0,2.02,8000.0,1.7133999999999996,0.749,20.9388,2.0,491.39,1.0,6.83,1.465,7.252,1.822,1.257,1.465,491.39,815.0,1390.0,4103.0,491.39,0.996,82.73,0.82,491.39,491.39,487.93,6.298,1791.0,361.35,491.39,920.0,502.6,491.39,5.57,1.0,0.749,0.789,18.156,5.573,177.0,38.88,1.0,11284.106,6.038,1.0,491.39,15.0,0.7992000000000001,11.697,17.39,0.749,1.767,0.749,5.283799999999999,0.749,6.0912,491.39,30.0,1.66,0.749,1.4414,1.773,0.749,185.4798,2.7,7.705,7010.0,491.39,202.0,38.5,19.21,7.763,220.89,126.3,50.8,9075.0,8229.0,1166.0,0.749,0.7407999999999999,3.711,0.749,1684.64,491.39,86.1,82.06,3.155,0.708,147.7,82.95,1132.9,0.277,46.4,7973.0,0.7992000000000001,0.524,1500.0,7.658,49.0,1.28,0.7992000000000001,2.587,0.749,31.665599999999998,5.852600000000001,45.6,2109.3,7991.306,168.0,3.062,491.39,0.749,0.789,1.0,0.749,7.325399999999999,290.0,28.8,12.755,1.0,11.782,1328.04,0.749,8.442,11284.106,27.45,7.658,81.6,0.749,0.8094000000000001,1.78,1.216,23.26,491.39,157.65,5.691,0.385,90.54,1.0,1.0,1.988,4280.0,2.67,42.92,3.111,0.749,99.2558,3.641,1.0,12929.5514,3.281,44.424,605.71,18370.757,3.75,491.39,82.0584,13.881,4353.0,1.257,0.789,0.749,0.749,0.009,6.757,7.658,3.3031999999999995,29.348,0.749,101.38,128.0,2.7,2.9,3.35,7.658,6.616,0.902,70.75,29.499,4.758,4.2682,1588.0,30.84,1.0,491.39,1.558,6.37,1.506,423.2782,1.781,6191.4,2.843,2515.0,8.033,3.673,0.625,19.3,1865.0,89.51,4.3,21000.0,2.136,214.5,83.31,5270.0,5.2204,1.0
2012-05-01,49.5,111.8,76.54,95.0,2.7,4.47,406.0,1.03,0.81,24.8574,4017.4,0.8,1.0,0.38,81.0,2.02,8270.0,1.7299999999999998,0.81,21.5578,2.0,528.7,1.0,6.83,1.58,7.83,2.02,1.29,1.58,528.7,461.0159,1390.0,4103.0,528.7,1.03,86.71,0.82,528.7,528.7,517.8,6.37,1826.0,361.35,528.7,920.0,499.7,528.7,5.91,1.0,0.81,0.789,20.38,5.99,177.0,38.88,1.0,11606.57796,6.04,1.0,528.7,15.0,0.8480000000000001,11.697,17.6,0.81,1.85,0.81,5.442,0.81,6.428,528.7,31.0,1.63,0.81,1.522,1.88,0.81,189.8838,2.7,7.8,6902.0,528.7,202.0,38.5,19.4,7.76,242.91,130.54,56.0,9450.0,8229.0,1166.0,0.81,0.79,3.88,0.81,1691.60802,528.7,86.1,78.79,3.188,0.71,147.9,85.7,1178.47,0.28,47.0,8016.0,0.8480000000000001,0.56,1500.0,8.49,49.0,1.28,0.8480000000000001,2.78,0.81,33.087799999999994,5.845999999999999,48.6,2133.5701,8349.177959999999,168.0,3.17,528.7,0.81,0.789,1.0,0.81,7.537999999999999,290.0,29.5,14.11,1.0,12.01,1320.65,0.81,8.87,11606.57796,27.3,8.49,89.95,0.81,0.8460000000000001,1.78,1.32,23.31,528.7,159.9,6.06,0.39,93.55,1.0,1.0,1.95,4500.0,2.7,43.49,3.54,0.81,99.7398,3.64,1.0,13252.00196,3.6,45.418,607.54,19565.0098,3.75,528.7,86.78,14.15,4323.0,1.29,0.789,0.81,0.81,0.009,6.63,8.49,3.378,33.16,0.81,104.04,131.9,2.7,2.9,3.35,8.49,7.23,0.97,68.0,29.82,4.76,4.434,1582.0,31.83,1.0,528.7,1.67,6.35,1.61,428.22202,1.85,6323.4,2.84,2480.0,8.08,3.67,0.65,20.45,1898.0,95.0,4.3,21000.0,2.23,214.5,92.15,5335.0,5.392,1.0
2012-09-01,50.5,107.9,79.112,95.0,2.7,4.69,406.0,0.957,0.773,25.5938,3947.24,0.8,1.0,0.377,81.0,2.02,8470.0,1.7116,0.773,21.5632,2.0,506.57,1.0,6.96,1.511,7.634,2.03,1.225,1.511,506.57,855.0,1480.0,4103.0,506.57,0.979,84.4,0.82,506.57,506.57,470.7,6.284,1798.2,361.35,506.57,920.0,498.5,506.57,5.69,1.0,0.773,0.789,18.993,5.759,177.0,39.08,1.0,11476.9896,6.093,1.0,506.57,15.0,0.8184000000000001,11.697,17.96,0.773,1.758,0.773,5.4232,0.773,6.2244,506.57,34.0,1.66,0.773,1.46,1.895,0.773,186.2758,2.7,7.981,6993.0,506.57,202.0,42.15,19.402,7.753,219.87,123.42,52.35,9450.0,8229.0,1166.0,0.773,0.76,3.912,0.773,1708.068,506.57,89.0,77.66,3.1952,0.708,150.0,85.35,1112.04,0.281,46.8,7987.0,0.8184000000000001,0.538,1500.0,8.245,49.0,1.284,0.8184000000000001,2.667,0.773,31.996599999999997,5.94,46.0,2212.3,8211.3896,303.3,3.055,506.57,0.773,0.789,1.0,0.773,7.266199999999999,295.0,30.5,12.82,1.0,12.36,1402.62,0.773,8.635,11476.9896,28.25,8.245,84.05,0.773,0.8238,1.78,1.2,23.79,506.57,157.2,5.689,0.385,94.75,1.0,1.0,1.945,4430.0,2.59,41.715,3.175,0.773,98.9858,3.641,1.0,13122.4106,3.502,45.43300000000001,620.89,18946.053,3.75,506.57,84.6344,12.888,4325.0,1.225,0.789,0.773,0.773,0.009,6.873,8.245,3.4084000000000003,30.984,0.773,102.044,129.3,2.7,5.8,3.35,8.245,6.52,0.935,63.0,29.284,4.765,4.9066,1569.0,30.76,1.0,506.57,1.662,6.35,1.567,443.9306,1.794,6258.4,2.843,2550.0,8.147,3.673,0.617,21.0,1966.0,90.26,4.3,21000.0,2.208,214.5,88.94,5080.0,5.235,1.0
2012-12-01,51.8,105.65,77.813,95.0,2.7,4.91,406.0,0.964,0.759,25.961400000000005,3923.28,0.8,1.0,0.377,81.0,2.02,8550.0,1.7117999999999998,0.759,21.7026,2.0,496.0,1.0,6.96,1.484,7.77,2.047,1.222,1.484,496.0,852.0,1535.0,4103.0,496.0,0.995,82.685,0.82,496.0,496.0,478.35,6.23,1766.4,361.35,496.0,920.0,509.7,496.0,5.63,1.0,0.759,0.789,18.63,5.66,177.0,40.1,1.0,11427.3932,6.356,1.0,496.0,15.0,0.8071999999999999,11.697,18.18,0.759,1.759,0.759,5.392999999999999,0.759,6.1988,496.0,34.0,1.66,0.759,1.4508,1.905,0.759,187.6938,2.7,7.902,6970.0,496.0,202.0,42.15,19.91,7.75,221.96,128.01,54.45,9700.0,8229.0,1166.0,0.759,0.7487999999999999,3.732,0.759,1736.612,496.0,92.0,86.16,3.159,0.708,150.7,86.1,1063.24,0.281,47.1,7966.0,0.8071999999999999,0.529,1500.0,8.485,49.0,1.284,0.8071999999999999,2.618,0.759,32.3926,6.0658,45.4,2267.82,8128.9932,337.0,3.057,496.0,0.759,0.789,1.0,0.759,7.25,300.0,30.45,13.04,1.0,12.063,1394.31,0.759,8.434,11427.3932,29.6,8.485,87.3,0.759,0.8154,1.78,1.216,24.1,496.0,156.1,5.584,0.385,97.18,1.0,1.0,1.944,4245.0,2.55,41.04,3.104,0.759,100.7938,3.64,1.0,13072.8122,3.366,45.498,630.03,18469.061,3.75,496.0,84.7996,12.958,4317.0,1.222,0.789,0.759,0.759,0.009,7.321,8.485,3.4194000000000004,30.523,0.759,103.059,127.5,2.7,5.9,3.35,8.485,6.512,0.916,63.0,29.044,4.76,4.884,1580.0,30.58,1.0,496.0,1.657,6.35,1.55,455.003,1.786,6292.4,2.843,2686.0,8.04,3.673,0.618,19.05,2014.0,90.1,4.3,21000.0,2.205,214.5,86.18,5185.0,5.3546,1.0
2013-01-01,53.18,109.07,78.9,95.0,2.7,5.12,415.0,0.96,0.78,26.3634,3920.8,0.8,1.0,0.38,80.0,2.02,8680.0,1.7119999999999995,0.78,22.3478,2.0,511.67,1.0,6.96,1.53,8.24,2.02,1.24,1.53,511.67,878.0,1650.0,4103.0,511.67,1.02,84.18,0.82,511.67,511.67,471.5,6.21,1824.0,361.35,511.67,920.0,498.6,511.67,5.83,1.0,0.78,0.789,19.7,5.82,177.0,40.86,1.0,11489.47004,6.8,1.0,511.67,15.0,0.78,11.697,18.4,0.78,1.76,0.78,5.486,0.78,6.42,511.67,35.0,1.66,0.78,1.4700000000000002,1.94,0.78,190.7598,2.7,7.78,6949.0,511.67,202.0,42.5,19.91,7.76,237.29,123.52,54.15,9625.0,8229.0,1166.0,0.78,0.766,3.64,0.78,1719.262,511.67,96.0,94.06,3.14,0.71,150.9,85.25,1111.05,0.29,47.6,7731.0,0.8240000000000001,0.55,1500.0,9.25,49.0,1.28,0.8240000000000001,2.69,0.78,32.3338,6.128,46.7,2234.26,8208.27004,415.0,3.09,511.67,0.78,0.789,1.0,0.78,7.006,300.0,31.2,12.32,1.0,12.35,1410.37,0.78,8.64,11489.47004,30.2,9.25,86.9,0.78,0.8280000000000001,1.78,1.2,24.35,511.67,158.45,5.83,0.39,98.38,1.0,1.0,1.99,3996.0,2.59,40.83,3.26,0.78,102.5358,3.64,1.0,13134.88204,3.44,46.162,633.66,19189.4102,3.75,511.67,85.188,11.27,4316.0,1.24,0.789,0.78,0.78,0.009,7.3,9.25,3.498,31.02,0.78,105.78400000000002,126.7,2.7,5.8,3.35,9.25,6.52,0.95,63.0,29.85,4.76,4.932,1612.0,29.28,1.0,511.67,1.65,6.38,1.59,448.31400000000014,1.81,6263.6,2.84,2585.0,8.13,3.67,0.66,18.78,2071.0,90.71,6.3,20900.0,2.18,214.5,87.43,5365.0,5.49,1.0
2013-05-01,56.0,107.8,79.58,95.0,2.7,5.38,410.0,1.08,0.77,29.062,4052.118,0.8,1.0,0.38,79.0,2.02,8790.0,1.732,0.77,28.254,2.0,501.41,1.0,6.86,1.5,8.59,2.2,1.27,1.5,501.41,948.0,1560.0,4103.0,501.41,1.05,82.05,0.82,501.41,501.41,503.3,6.14,1922.59,361.35,501.41,920.0,498.7,501.41,5.63,1.0,0.77,0.78,19.57,5.71,177.0,41.58,1.0,11487.6501,7.02,1.0,501.41,15.0,0.77,13.514,18.64,0.77,1.86,0.77,5.556,0.77,6.470000000000001,501.41,39.0,1.66,0.77,1.496,2.02,0.77,270.57,2.7,7.83,6884.0,501.41,202.0,42.2,19.91,7.76,226.35,123.19,59.55,9875.0,8229.0,1166.0,0.77,0.758,3.62,0.77,1715.8859799999998,501.41,99.0,99.0,3.62,0.71,151.8,85.5,1141.0,0.29,48.2,7749.0,0.8160000000000001,0.54,1500.0,9.97,49.1727,1.27,0.8160000000000001,2.64,0.77,39.720000000000006,8.0,46.0,2187.4299,8276.6501,356.0,3.16,501.41,0.77,0.78,1.0,0.77,7.17,300.0,30.85,13.02,1.0,12.38,1444.03,0.77,8.53,11487.6501,29.8,9.97,95.5,0.77,0.8219999999999998,1.78,1.28,24.59,501.41,161.9,6.04,0.39,99.2,1.0,1.0,2.1,4465.0,2.78,43.09,3.32,0.77,126.122,3.64,1.0,13133.0461,3.42,32.74,641.3,18812.2305,3.75,501.41,87.41,11.74,4300.0,1.27,0.78,0.77,0.77,0.78,6.9,9.97,3.0,34.258,0.77,107.132,130.35,2.7,5.7,3.35,9.97,6.72,0.95,65.0373,30.06,3.92,4.76,1627.0,30.99,1.0,501.41,1.72,6.38,1.65,438.96398,1.93,6428.4,2.84,2585.0,8.15,3.67,0.66,20.23,2126.0,95.01,6.3,21000.0,2.27,214.5,90.456,5470.0,5.47,1.0
2013-09-01,57.0,104.55,81.33,95.0,2.7,5.79,410.0,1.07,0.74,28.706,4019.0,0.8,1.0,0.38,79.0,2.02,9080.0,1.7259999999999998,0.74,27.94,2.0,485.93,1.0,6.86,1.45,8.56,2.26,1.26,1.45,485.93,971.0,1560.0,4103.0,485.93,1.03,80.3,0.82,485.93,485.93,503.42,6.12,1907.0,361.35,485.93,920.0,499.1,485.93,5.56,1.0,0.74,0.756,18.65,5.53,177.0,42.62,1.0,11710.74802,6.89,1.0,485.93,15.0,0.74,13.65,18.83,0.74,1.83,0.74,5.542,0.74,6.408,485.93,34.0,1.67,0.74,1.4780000000000002,2.16,0.74,270.39,2.7,7.93,6916.0,485.93,202.0,43.07,20.42,7.75,220.45,120.91,62.5,11475.0,8229.0,1166.0,0.74,0.734,3.54,0.74,1701.9159800000002,485.93,101.0,97.81,3.54,0.71,153.6,86.6,1073.7,0.28,48.8,7833.0,0.792,0.52,1500.0,10.08,50.083,1.24,0.792,2.56,0.74,40.39,8.0,43.4,2214.8799,8454.94802,377.0,3.26,485.93,0.74,0.756,1.0,0.74,7.188,305.0,30.4,13.2,1.0,12.95,1646.48,0.74,8.27,11710.74802,29.8,10.08,100.15,0.74,0.804,1.78,1.21,24.84,485.93,160.65,6.01,0.39,105.8,1.0,1.0,2.43,4425.0,2.78,43.49,3.13,0.74,125.42599999999996,3.64,1.0,13356.116019999998,3.3,32.46,656.66,18143.5801,3.75,485.93,84.89,11.9,4325.0,1.26,0.756,0.74,0.74,0.756,6.85,10.08,3.0,33.276,0.74,106.08599999999998,132.0,2.7,5.8,3.35,10.08,6.41,0.91,135.52,29.56,4.022,4.76,1606.0,31.29,1.0,485.93,1.73,6.38,1.65,444.43997999999993,2.04,6713.4,2.84,2555.0,8.19,3.67,0.62,21.65,2180.0,94.17,6.3,21100.0,2.24,214.5,93.456,5335.0,5.335,1.0
2013-12-01,56.0,101.7,78.025,95.0,2.7,6.518,404.0,1.12,0.726,29.7,4081.684,0.8,1.0,0.377,79.0,2.02,9510.0,1.7328,0.726,28.3524,2.0,475.0,1.0,6.86,1.421,8.749,2.362,1.254,1.421,475.0,980.0,1540.0,4103.0,476.54,1.064,80.303,0.82,475.0,476.54,525.32,6.054,1924.98,361.35,475.0,920.0,495.2,475.0,5.46,1.0,0.726,0.7447999999999999,19.457,5.419,177.0,42.65,1.0,11788.9572,6.948,1.0,476.54,15.0,0.726,13.6382,19.06,0.726,1.864,0.726,5.5742,0.726,6.418200000000001,476.54,39.0,1.74,0.726,1.4846,2.35,0.726,266.246,2.7,7.841,7006.0,475.0,202.0,43.55,20.42,7.753,215.73,115.03,61.5,12100.0,8229.0,1166.0,0.726,0.7224,3.469,0.726,1695.452,476.232,104.0,105.01,3.469,0.708,153.6,86.4,1055.25,0.282,49.4,8006.0,0.7807999999999999,0.508,1500.0,10.48,79.01,1.229,0.7807999999999999,2.508,0.726,40.651,8.0,43.4,2236.01,8530.6452,448.0,3.277,475.0,0.726,0.7447999999999999,1.0,0.726,7.228,295.0,29.95,13.089,1.0,12.895,1654.1,0.726,8.147,11788.9572,29.8,10.48,98.8,0.726,0.7956,1.78,1.216,25.33,475.0,159.7,6.083,0.385,105.16,1.0,1.0,2.353,4585.44,2.79,44.38,3.014,0.726,126.53400000000002,3.641,1.0,13434.2872,3.25,32.864,665.69,17736.436,3.75,475.0,83.13,11.942,4340.0,1.263,0.7447999999999999,0.726,0.726,0.7447999999999999,7.032,10.48,3.0,34.243,0.726,107.1946,130.75,2.7,6.1,3.35,10.48,6.414,0.891,141.37,29.815,4.1718,4.77,1585.0,32.74,1.0,475.0,1.742,6.38,1.643,448.6702,2.136,6894.488,2.843,2520.0,8.23,3.673,0.605,21.1,2237.0,95.36,6.3,21100.0,2.259,214.5,92.997,5455.0,5.5,1.0
2014-01-01,56.6,101.25,77.49,95.0,2.7,7.88,410.0,1.12,0.73,30.31,4072.32804,0.8,1.0,0.38,79.0,2.02,9760.0,1.732,0.73,28.77,2.0,477.79,1.0,6.86,1.42,8.81,2.32,1.25,1.42,477.79,987.0,1540.0,4103.0,475.54,1.11,80.3,0.82,475.54,475.54,561.45,6.15,2052.23,361.35,475.54,920.0,502.0,477.79,5.52,1.0,0.73,0.748,19.57,5.41,177.0,43.16,1.0,11693.34008,6.96,1.0,475.54,15.0,0.73,13.845999999999998,19.22,0.73,1.86,0.73,5.822,0.73,6.424,475.54,40.0,1.75,0.73,1.498,2.55,0.73,270.252,2.7,7.75,6892.0,477.79,202.0,43.85,20.42,7.76,224.76,112.37,61.75,11500.0,8229.0,1166.0,0.73,0.726,3.48,0.73,1717.4219799999998,475.99000000000007,106.0,101.88,3.48,0.71,184.1,86.45,1065.71,0.28,52.8,8014.0,0.784,0.73,1500.0,10.63,81.0,1.24,0.784,2.5,0.73,41.776,8.0,44.4,2330.3999,8402.42212,434.0,3.28,477.79,0.73,0.748,1.0,0.73,7.487999999999999,300.0,29.95,13.25,1.0,13.58,1787.59,0.73,8.18,11693.34008,31.4,10.63,100.6,0.73,0.7979999999999999,1.78,1.19,25.55,477.79,165.1,6.0,0.39,104.87,1.0,1.0,2.43,4430.4102,2.81,44.61,3.02,0.73,131.848,3.64,1.0,13338.63008,3.26,36.13,674.24,17850.1504,3.75,477.79,83.81,12.0,4321.0,1.27,0.748,0.73,0.73,0.748,7.09,10.63,3.0,34.962,0.73,112.508,130.7,2.7,6.1,3.35,10.63,6.42,0.88,143.15,30.3,4.444,4.8,1621.0,32.63,1.0,477.79,1.76,6.38,1.57,467.56997999999993,2.22,6743.48204,2.84,2525.0,9.4,3.67,0.6,22.42,2265.0,95.01,6.3,21100.0,2.27,214.5,93.592,5455.0,5.82,1.0
2014-05-01,57.39,102.62,79.098,98.0,2.7,8.131,410.0,1.064,0.732,30.758,4034.162,0.8,1.0,0.377,79.0,2.02,10200.0,1.7213999999999998,0.732,28.674200000000003,2.0,480.52,1.0,6.86,1.433,8.787,2.193,1.254,1.432,480.52,974.0,1550.0,4103.0,480.48,1.068,79.927,0.82,480.48,480.48,551.12,6.204,1879.65,361.35,480.48,920.0,538.0,480.52,5.49,1.0,0.732,0.7496,19.73,5.461,177.0,43.4,1.0,11844.1748,7.15,1.0,480.48,15.0,0.732,13.951600000000004,19.57,0.732,1.807,0.732,6.272800000000001,0.732,6.461600000000002,480.48,41.0,1.77,0.732,1.467,3.31,0.732,270.63199999999995,2.7,7.779,7002.0,480.52,202.0,45.0,20.82,7.75,226.66,112.66,59.7,11875.0,8229.0,1166.0,0.732,0.7272000000000001,3.434,0.732,1725.62,480.488,111.5,101.39,3.434,0.708,183.5,87.58,1011.5,0.282,52.0,8035.0,0.7856,0.508,1500.0,10.605,90.0,1.202,0.7856,2.528,0.732,41.0382,8.0,44.05,2355.6,8500.6068,408.0,3.21,480.52,0.732,0.7496,1.0,0.732,7.9382,300.0,30.15,12.987,1.0,13.975,1826.56,0.732,8.226,11844.1748,31.2,10.605,95.9,0.732,0.7992000000000001,1.78,1.144,25.75,480.52,162.75,6.16,0.385,98.6,1.0,1.0,2.378,4388.16,2.79,43.64,3.045,0.732,131.324,3.64,1.0,13489.3128,3.212,33.985,680.92,18007.564,3.75,480.52,84.85,12.0,4345.0,1.249,0.7496,0.732,0.732,0.7495999999999999,7.067,10.605,3.0,35.1202,0.732,111.9094,130.3,2.7,6.1,3.35,10.605,6.721,0.89,149.35,29.851,4.4808,4.94,1650.0,32.44,1.0,480.52,1.716,6.41,1.685,472.574,2.124,6810.032000000001,2.843,2595.0,11.72,3.673,0.588,22.82,2349.0,92.11,6.3,21300.0,2.189,214.5,92.8196,5455.0,6.25,1.0
2014-09-01,57.05,110.64,82.95,98.0,2.7,8.48,410.0,1.15,0.79,31.654000000000003,4125.02604,0.8,1.0,0.38,79.0,2.02,10580.0,1.7419999999999998,0.79,29.214,2.0,516.65,1.0,6.86,1.55,9.25,2.45,1.25,1.55,516.65,992.0,1550.0,4103.0,520.11,1.12,85.64,0.82,520.11,520.11,601.54,6.14,2026.2,361.35,520.11,920.0,533.93,516.65,5.9,1.0,0.79,0.796,21.26,5.91,177.0,43.65,1.0,12122.45596,7.15,1.0,520.11,15.0,0.79,14.248,19.87,0.79,1.91,0.79,6.651999999999999,0.79,6.7700000000000005,520.11,43.0,1.76,0.79,1.576,3.27,0.79,274.52,2.7,7.69,7023.0,516.65,202.0,45.0,20.82,7.77,246.1,121.08,61.45,12100.0,8229.0,1166.0,0.79,0.774,3.69,0.79,1774.6320199999998,519.418,111.5,109.6,3.69,0.71,181.9,89.3,1054.55,0.29,54.2,8035.0,0.8320000000000001,0.5780000000000001,1500.0,11.26,84.0,1.21,0.8320000000000001,2.74,0.79,41.802,8.0,46.5,2505.6101,8816.042000000001,422.0,3.28,516.65,0.79,0.796,1.0,0.79,8.518,300.0,31.45,13.5,1.0,14.24,1840.54,0.79,8.63,12122.45596,30.5,11.26,97.0,0.79,0.834,1.78,1.29,26.05,516.65,163.78,6.45,0.39,102.55,1.0,1.0,2.44,4473.9302,2.9,44.96,3.31,0.79,135.33599999999998,3.64,1.0,13767.60196,3.5,39.5,684.94,19274.0098,3.75,516.65,93.62,13.0,4567.0,1.28,0.796,0.79,0.79,0.796,7.17,11.26,3.0,35.808,0.79,117.064,130.45,2.7,6.1,3.35,11.26,7.26,0.96,159.8,30.44,4.564,5.0,1672.0,32.42,1.0,516.65,1.81,6.34,1.8,502.67802,2.28,6872.1860400000005,2.84,2647.0,12.9,3.67,0.62,24.75,2405.0,97.54,6.3,21200.0,2.32,214.5,94.6,5455.0,6.25,1.0
2014-12-01,57.9,115.1,87.81,104.0,2.7,8.373,470.0,1.219,0.822,32.192,4309.98,0.8,1.0,0.377,79.0,2.02,13779.0,1.7515999999999998,0.822,30.3272,2.0,538.7,1.0,6.86,1.608,9.497,2.657,1.254,1.609,538.7,1028.0,1550.0,4103.0,538.82,1.158,87.871,0.82,538.82,538.82,607.16,6.205,2372.6,361.35,538.82,920.0,533.25,538.7,6.15,1.0,0.822,0.8215999999999999,22.326,6.124,177.0,44.13,1.0,12383.784199999998,7.15,1.0,538.82,15.0,0.822,14.8736,20.09,0.822,1.958,0.822,7.3138,0.822,7.103399999999999,538.82,45.0,1.87,0.822,1.6027999999999998,3.21,0.822,290.188,2.7,7.597,7136.0,538.7,202.0,46.75,21.27,7.756,259.44,126.75,63.2,12350.0,8229.0,1166.0,0.822,0.7988,3.881,0.822,1823.92,538.796,113.9,119.45,3.881,0.708,182.4,90.65,1086.87,0.293,58.7,8078.0,0.8572,0.5868,1500.0,11.566,82.0,1.195,0.8572,2.839,0.822,43.902,8.0,49.2,2596.73,9059.8442,505.0,3.495,538.7,0.822,0.8215999999999999,1.0,0.82,9.1752,305.0,31.7,14.702,1.0,15.552,1885.6,0.822,9.024,12383.784199999998,33.05,11.566,101.4,0.822,0.8528,1.78,1.275,26.6,538.7,182.9,7.39,0.385,100.9,1.0,1.0,2.544,4629.3,2.99,44.775,3.513,0.822,138.776,3.642,1.0,14028.9422,3.685,58.676,689.19,20087.711,3.75,538.7,99.46,12.98,4990.0,1.321,0.8215999999999999,0.822,0.822,0.8215999999999999,7.31,11.566,3.0,37.104,0.822,120.9502,131.15,2.7,6.4,3.35,11.566,7.713,0.989,179.2,31.64,4.5866,5.3,1730.0,32.92,1.0,538.7,1.87,6.356,1.859,520.9514000000001,2.327,6953.26,2.843,2770.0,15.768,3.673,0.642,23.96,2461.0,99.93,6.3,21400.0,2.353,214.5,96.602,5455.0,6.375,1.0
2015-01-01,57.34,130.25,97.38,104.0,2.7,8.81,470.0,1.315,0.93,33.414,4347.273999999999,1.049,1.0,0.377,79.0,2.02,14740.0,1.7681999999999998,0.93,32.3806,2.0,606.41,1.0,6.86,1.819,9.97,3.26,1.374,1.82,606.41,1033.0,1600.0,4103.0,606.41,1.277,99.946,0.82,606.41,606.41,629.4,6.199,2575.0,361.35,606.41,920.0,527.36,606.41,6.9,1.0,0.93,0.908,24.924,6.949,177.0,44.65,1.0,13010.1632,7.63,1.0,606.41,15.0,0.93,15.6698,20.33,0.93,2.041,0.93,8.906600000000001,0.93,7.6524,606.41,48.0,2.23,0.93,1.7914,3.81,0.93,296.03000000000003,2.7,7.646,7361.0,606.41,202.0,46.75,21.8,7.754,278.65,136.99,62.25,12985.0,28085.0,1166.0,0.93,0.8855999999999999,3.976,0.93,1924.97,606.41,113.9,119.9,3.976,0.708,185.7,92.24,1108.48,0.301,63.9,8093.0,0.9440000000000002,0.508,1500.0,12.209,84.0,1.367,0.9440000000000002,2.84,0.93,45.3418,8.0,55.0,2877.37,13687.6372,456.0,3.702,606.41,0.93,0.908,1.0,0.93,10.8728,315.0,36.42,15.351,1.0,17.75,1982.09,0.93,9.918,13010.1632,36.77,12.209,99.7,0.93,0.9678,1.78,1.337,26.8,606.41,199.0,8.089,0.385,101.92,1.0,1.0,2.625,4795.37,3.08,44.68,3.802,0.93,143.38,3.641,1.0,18626.4012,4.099,58.13,705.45,22569.006,3.75,606.41,111.42,13.504,4808.0,1.374,0.908,0.93,0.93,0.908,7.435,12.209,3.0,39.421800000000005,0.93,127.9692,132.95,2.7,6.4,3.35,12.209,8.641,0.972,211.55,31.269,4.7152,6.26,1845.0,32.52,1.0,606.41,1.905,6.354,1.96,577.2760000000001,2.614,11084.674,3.491,2973.0,23.164,3.673,0.677,25.82,2531.0,104.05,6.3,21400.0,2.398,214.5,98.38,5455.0,7.58,1.0
2015-05-01,60.26,125.03,98.592,120.0,2.7,9.085,475.0,1.302,0.895,32.106,4435.632,1.07,1.0,0.377,79.0,2.02,15346.0,1.7715999999999998,0.895,32.42700000000001,2.0,586.93,1.0,6.85,1.75,9.901,3.121,1.346,1.75,586.93,1117.0,1600.0,4103.0,586.83,1.238,96.33,0.82,586.83,586.83,639.66,6.2,2588.0,361.35,586.83,920.0,531.97,586.93,6.67,1.0,0.895,0.8800000000000001,23.911,6.675,177.0,44.65,1.0,13002.6684,7.63,1.0,586.83,15.0,0.895,15.976800000000004,20.57,0.895,2.058,0.895,8.4164,0.895,7.4982,586.83,40.0,2.25,0.895,1.8064,4.34,0.895,298.7,2.7,7.625,7448.0,586.93,202.0,48.7,22.0,7.752,282.0,131.61,63.4,13250.0,29319.0,1166.0,0.895,0.8576,3.768,0.895,1990.756,586.85,116.5,122.4,3.768,0.708,186.2,99.05,1116.8,0.302,62.0,8097.0,0.895,0.6002,1500.0,12.246,85.0,1.365,0.916,2.84,0.895,45.698800000000006,8.0,53.5,2882.98,13924.5004,456.0,3.774,586.93,0.895,0.8800000000000001,1.0,0.895,10.2164,320.0,35.13,15.679,1.0,18.85,1953.19,0.895,9.785,13002.6684,38.45,12.246,101.4,0.895,0.9510000000000002,1.78,1.481,27.0,586.93,198.9,7.865,0.385,101.75,1.0,1.0,2.681,5177.16,3.16,45.097,3.749,0.895,143.04199999999997,3.641,1.0,18865.600400000003,3.998,55.648,716.45,21872.002,3.75,586.93,109.09,12.673,4855.0,1.346,0.8800000000000001,0.895,0.895,0.8800000000000001,7.862,12.246,3.0,37.820800000000006,0.895,126.90800000000002,133.7,2.7,6.4,3.35,12.246,8.243,0.93,217.35,30.874,4.7846,6.5,1990.0,33.77,1.0,586.93,1.988,6.38,1.942,578.3848,2.686,11460.832,3.491,3288.0,20.99,3.673,0.636,26.88,2597.0,104.58,6.3,21790.0,2.463,214.5,99.4484,5455.0,7.51,1.0
2015-09-01,63.8,123.99,105.739,145.0,2.7,9.42,475.0,1.423,0.892,32.704,4736.0,1.07,1.0,0.377,79.0,2.02,17703.0,1.7877999999999996,0.892,33.9752,2.0,585.31,1.0,6.86,1.744,10.537,4.056,1.423,1.745,585.31,1287.0,1600.0,4103.0,585.1,1.341,96.754,1.0,585.1,585.1,698.85,6.356,3109.0,437.15,585.1,920.0,530.0,585.31,6.67,1.0,0.892,0.9136,23.636,6.654,177.0,45.17,1.0,13430.9486,7.83,1.0,585.1,15.0,0.892,16.492,20.82,0.892,2.139,0.892,8.5874,0.892,7.734800000000002,585.1,40.0,2.38,0.892,1.8904,3.74,0.892,299.174,2.7,7.671,7614.0,585.31,202.0,53.114,22.0,7.75,279.37,127.14,66.0,14570.0,29956.0,1166.0,0.892,0.8552,3.927,0.892,2146.8720000000003,585.142,118.7,120.22,3.927,0.708,270.4,104.75,1183.36,0.302,68.5,8134.0,0.892,0.6042,1500.0,13.837,87.0,1.369,0.892,3.022,0.892,49.058,8.0,54.78,3200.0,14422.5486,573.0,4.394,585.31,0.892,0.9136,1.0,0.892,10.4406,325.0,35.45,16.944,1.0,19.97,1967.05,0.892,9.726,13430.9486,41.6,13.837,105.75,0.892,0.9492,1.78,1.568,27.45,585.31,198.0,8.489,0.385,104.45,1.0,1.0,2.809,5611.0,3.226,46.68,3.785,0.892,160.37,3.642,1.0,19421.4006,3.937,65.279,722.38,21972.003,3.75,585.31,106.49,12.939,5402.0,1.423,0.9136,0.892,0.892,0.9136,7.692,13.837,3.0,39.02,0.892,144.3208,141.25,2.7,6.6,3.35,13.837,8.388,0.974,220.5,32.88,4.9758,6.56,2155.0,36.31,1.0,585.31,2.105,6.324,1.962,641.8448000000001,3.026,11939.0,3.491,3685.0,21.05,3.673,0.659,28.9,2664.0,110.24,6.3,22475.0,2.584,214.5,102.7278,5455.0,12.115,1.0
2015-12-01,67.9,125.54,106.878,145.0,2.7,12.946,484.0,1.368,0.919,33.09,4845.456,1.62,1.0,0.377,79.0,2.02,18555.0,1.7849999999999997,0.919,34.885400000000004,2.0,602.79,1.0,6.86,1.797,11.236,3.959,1.416,1.797,602.79,1311.0,1600.0,4103.0,602.68,1.386,101.222,1.0,602.68,602.68,709.98,6.492,3169.28,435.3,602.68,920.0,531.94,602.79,6.82,1.0,0.919,0.9352,24.203,6.856,177.0,45.4,1.0,13302.425720000005,7.83,1.0,602.68,15.0,0.919,16.581200000000003,21.07,0.919,2.125,0.919,9.302,0.919,8.029,602.68,40.0,2.4,0.919,1.8724,3.82,0.919,304.096,2.7,7.632,8004.0,602.79,202.0,56.584,22.3,7.75,289.98,129.67,66.1,13550.0,29830.0,1166.0,0.919,0.8768,3.899,0.919,2083.18,602.702,118.7,120.42,3.899,0.708,339.5,102.2,1175.9,0.303,75.5,8128.0,0.919,0.6128,1500.0,15.556,88.0,1.389,0.919,6.1756,0.919,51.2048,8.0,56.29,3196.0,14296.82572,662.0,4.29,602.79,0.919,0.9352,1.0,0.919,11.1762,330.0,35.8,17.362,1.0,19.6,1967.05,0.919,9.874,13302.425720000005,45.5,15.556,105.75,0.919,1.0754,1.78,1.461,27.86,602.79,198.9,8.829,0.385,104.7,1.0,1.0,2.941,5750.0,3.394,46.836,3.917,0.919,174.202,3.641,1.0,19267.66172,4.154,73.795,742.33,22350.3086,3.75,602.79,111.25,13.044,5750.0,1.416,0.9352,0.919,0.919,0.9352,8.071,15.556,18.55,39.9148,0.919,159.0464,144.15,2.7,6.6,4.0,15.556,8.443,0.994,219.65,32.874,5.659999999999999,7.0,2155.0,36.05,1.0,602.79,2.127,6.404,2.033,641.076,2.918,11737.6,3.491,3378.0,23.952,3.673,0.675,29.89,2857.0,108.55,6.3,22480.0,2.502,214.5,103.0056,5455.0,10.99,1.0
2016-01-01,68.45,121.35,108.301,160.0,2.7,14.593,480.0,1.298,0.878,33.676,4840.17998,1.58,1.0,0.377,79.0,2.02,20133.0,1.768,0.878,34.6954,2.0,575.7,1.0,6.77,1.716,10.823,3.593,1.342,1.717,575.7,1216.0,1600.0,4103.0,575.75,1.293,96.382,1.0,575.75,575.75,671.95,6.455,3013.8999,441.0,575.75,920.0,529.59,575.7,6.54,1.0,0.878,0.9024,23.409,6.539,177.0,45.64,1.0,13102.96974,8.88,1.0,575.75,15.0,0.878,16.5408,21.36,0.878,2.04,0.878,9.656000000000002,0.878,7.7512,575.75,40.0,2.37,0.878,1.8128,3.835,0.878,303.382,2.7,7.711,8965.0,575.7,202.0,61.671,22.5,7.754,275.41,123.21,65.9,13160.0,30165.0,1166.0,0.878,0.844,3.764,0.878,2071.1819800000003,575.74,121.7,112.25,3.764,0.708,343.1,101.4,1136.52,0.302,70.0,8099.0,0.878,0.6083999999999999,1500.0,14.718,90.0,1.373,0.878,9.9836,0.878,50.17360000000001,8.0,53.98,3188.3899,14187.76974,687.0,3.9,575.7,0.878,0.9024,1.0,0.878,11.5944,345.0,35.1,17.17,1.0,19.5,2050.73,0.878,9.674,13102.96974,47.75,14.718,105.9,0.878,1.0428000000000002,1.78,1.439,28.2,575.7,199.0,8.272,0.385,104.7,1.0,1.0,3.091,5644.0,3.366,45.919,3.733,0.878,171.614,3.641,1.0,19135.20274,3.924,66.944,780.0,21966.0137,3.75,575.7,108.6,13.365,5985.0,1.342,0.9024,0.878,0.878,0.9024,7.728,14.718,37.5,40.1176,0.878,155.4904,145.25,2.7,6.6,5.15,14.718,8.098,0.96,219.0,32.098,5.9114,7.8,2182.0,35.12,1.0,575.7,2.117,6.582,2.014,639.4767800000001,2.819,11705.4,3.491,3365.0,26.27,3.673,0.694,32.04,2925.0,104.37,270.47,22286.0,2.47,214.5,103.9202,5455.0,11.03,1.0
2016-05-01,68.22,123.16,109.866,170.0,2.7,14.951,480.0,1.344,0.9,34.098,4919.737999999999,1.6,1.0,0.377,79.0,2.02,20053.0,1.7706,0.9,37.5764,2.0,590.69,1.0,6.81,1.761,10.917,3.242,1.346,1.761,590.69,1182.0,1600.0,4103.0,590.69,1.295,99.156,0.82,590.69,590.69,662.75,6.643,2911.69,425.55,590.69,965.0,545.5,590.69,6.6,1.0,0.9,0.884,23.821,6.697,177.0,45.87,1.0,13117.724200000002,8.88,1.0,590.69,15.0,0.9,16.9904,21.78,0.9,2.053,0.9,9.399399999999998,0.9,7.8498,590.69,43.0,2.34,0.9,1.838,3.926,0.9,313.576,2.7,7.629,8987.0,590.69,202.0,61.649,22.5,7.759,285.38,123.07,67.4,13100.0,30100.0,1166.0,0.9,0.8615999999999999,3.848,0.9,2093.684,590.69,125.0,102.66,3.848,0.708,338.9,100.97,1149.59,0.302,67.25,8077.0,0.9,0.623,1500.0,14.851,90.0,1.38,0.9,11.868800000000002,0.9,52.6702,8.0,55.15,3252.83,14190.5242,721.0,4.025,590.69,0.9,0.884,1.0,0.9,11.252,350.0,35.36,18.58,1.0,19.8,1962.53,0.9,9.792,13117.724200000002,61.4,14.851,108.15,0.9,1.06,1.78,1.407,28.55,590.69,282.5,8.385,0.385,104.6,1.0,1.0,3.115,5622.0,3.276,47.053,3.989,0.9,170.164,3.641,1.0,19136.939,4.071,64.418,780.0,22126.695,3.75,590.69,111.07,12.935,6507.0,1.347,0.884,0.9,0.9,0.884,7.547,14.851,47.0,43.5602,0.9,154.59519999999998,145.2,2.7,6.6,7.141,14.851,8.489,0.978,216.55,32.171,6.0078000000000005,7.8,2184.0,35.13,1.0,590.69,2.114,6.65,2.192,652.4124,2.881,11676.0,3.491,3400.0,24.81,3.672,0.745,30.57,2993.0,109.1,626.01,22281.0,2.462,250.5,105.3232,5455.0,9.8,1.0
2016-09-01,65.35,122.77,109.35,170.0,2.7,15.35,474.0,1.313,0.896,34.294,5035.222,1.68,1.0,0.377,79.0,2.02,19264.0,1.926,0.896,40.4196,2.0,587.51,1.0,6.86,1.752,10.526,3.257,1.364,1.752,587.51,1255.0,1650.0,4103.0,593.95,1.316,97.19,0.82,593.95,593.95,659.2,6.669,2890.11,439.1,593.95,1030.0,546.33,587.51,6.51,1.0,0.896,0.8808,23.52,6.675,177.0,46.12,1.0,13024.7956,8.88,1.0,593.95,15.0,0.896,17.184,22.05,0.896,2.016,0.896,9.5176,0.896,7.686199999999999,593.95,45.0,2.33,0.896,1.8522,3.97,0.896,310.81,2.7,7.521,9092.0,587.51,202.0,64.733,23.0,7.754,277.55,114.51,66.55,12890.0,30060.0,1166.0,0.896,0.8583999999999999,3.759,0.896,2049.9660000000003,592.662,128.0,101.26,3.759,0.708,334.9,101.1,1101.13,0.301,67.8,8090.0,0.896,0.6275999999999999,1500.0,13.848,90.0,1.379,0.896,17.195600000000002,0.896,55.5056,8.0,54.89,3097.7,14070.7956,747.0,4.132,587.51,0.896,0.8808,1.0,0.896,11.3734,350.0,35.4,19.46,1.0,19.68,2284.39,0.896,9.73,13024.7956,77.2,13.848,105.95,0.896,1.0736,1.78,1.375,28.85,587.51,321.75,8.03,0.385,104.42,1.0,1.0,3.17,5563.0,3.384,48.378,3.867,0.896,168.204,3.642,1.0,19036.0016,3.988,63.198,815.0,21837.008,3.75,587.51,109.9,12.952,7165.0,1.364,0.8808,0.896,0.896,0.8808,7.502,13.848,73.5,47.0076,0.896,152.24200000000002,146.2,2.7,6.7,7.731,13.848,8.618,0.975,517.43,31.318,6.109399999999999,7.8,2176.0,34.66,1.0,587.51,2.083,6.69,2.212,621.3932,3.003,11614.2,3.491,3385.0,25.88,3.673,0.772,28.5,3061.0,105.09,657.55,22303.0,2.433,250.5,105.344,5455.0,10.015,1.0